"date","user_name","netabare","text"
"2018/11/15","ぶー","false","アニメ見てから読んでみた。普通に面白かった。冴えないあの子は、これからどうなるのか。見守っていきたいと思う。"
"2018/11/11","Keigo","true","とりあえず大雑把ですが、一通り読みました。なかなか面白かったです。アニメもなかなか好評みたいですし、以前から気になってた作品でした。これを気に追っかけてみようかなって感じですね。しかし、ヒロインの加藤恵って本当に冴えない感じの子なのね。登場人物がこれからどのように成長していくのか気にしつつ、次巻に期待ですね。"
"2018/11/05","西神中央林間田園都市","false","倫也が企画したサークル立ち上げに3人が加わるようになった理由とは？　それがわからず、私はモヤモヤしてしまっている。その点を含めて、全体的に展開を遅めにするともう少し読みやすかったかと思う。 次巻以降で明らかになることを期待しよう。"
"2018/10/07","のぱふぃる","false","エロゲ界トップライターの1人丸戸史明の作品でとっくにアニメ化もされている人気作だが今まで未読だったので購入。 オタクがオタクとギャルゲを作ろうとするプロットだが王道ラブコメに仕上がっている。メインヒロインは金髪ツンデレ幼馴染でも丸戸作品らしいダウナー系先輩でもない普通に可愛く目立たないクラスメートというのがこの作品の特色。そんな子をメインヒロインにしようと頑張るお話。 有名作なので既読の人も多いと思うけれど読んでない人がいたら結構オススメ。"
"2018/08/22","しょう","true","アニメ1期視聴済、英梨々がバチバチの同人ゴロで笑った。承認欲求が強そう。もしくは儲け一辺倒で同人を見てるのか。“人気がなきゃ、同人なんてやってる意味ない”とセリフもあるし同人プロ意識高そう。ラストの加藤恵はアニメのシーンがリフレインして無限に可愛いので2巻読みます"
"2018/08/03","長尾鷹弥","false","だいぶ前にアニメが終わり、原作も終わっているということで少しずつ読み始めようと。アニメは２期から見ていたので初期の倫理君からこんな扱いされていたんだなと新鮮だった。すでに加藤がかわいさの片りんを見せている気がするが、ラストでどう印象が変わるか楽しみ"
"2018/05/17","刹那＠よめきち","false","こんなひろいんもいいよね"
"2018/04/05","ゆうすけ","false","買ってから積みっぱなしでやっと読んだんですけど、面白かったです。アニメ見たんで大体内容わかっちゃうなーとか思ってたんですけど、そんなことなかったです。 そのため、ものすごく楽しめました。全巻買ってあるのでじゃんじゃん読みます"
"2018/01/15","ぼぼん","false","久しぶりのラノベ。起承転結の起って感じ。アニメだとまた印象が違うようなので暇があればそちらも見たい"
"2018/01/12","こーたろー","false","1巻だけど普通に泣いた。ギャグやら日常やらが楽しい。読みやすい文体でサクサク次へ行けるのでストレスがない。あとヒロインがかわいいので最高です。放課後に呼ばれてノコノコやってくる英梨々がかわいいのですこです。倫也が加藤恵との日々を「こう過ごしたかった」って気づくところは本当に良かった。メッッッッッちゃ共感した！ 運命の再演も本当に良くて泣いちゃったし、満足度が高いですね…… ただ評判というか、感想はちらほら見かけているのでこの先が怖くて楽しみですね…………(エピローグのあれとか"
"2018/01/11","すずしろ","false","主人公の行動に対してまるで共感、というか理解ができず、あまり楽しめなかった。可愛い子見つけたからそいつヒロインにしてゲーム作ったろ！と言われても、はあそうですか、としかならず他人を巻き込んでまでしてゲームを作ろうとする熱量についていけなかった。"
"2017/12/27","Masa.H","false","アニメ視聴済。つまり粗筋はわかった上での原作読み。　神回であるアニメ１期３話の裏というか詳細な話の流れを補完出来て嬉しい。どう考えてもこの時点で正ヒロインが誰なのかは決まっている。"
"2017/11/16","こおき","false","★★★★★"
"2017/08/29","留姫野真希","true","同人誌ゲームを作りたい主人公が仲間を集めるまで。結局、天才絵師と天才作家は、主人公じゃなくてヒロイン（仮）の加藤さんに説得されて参加するんだけど、加藤さんがゲーム作成に協力する理由は「暇だし」だったんだよな。十分に回転させた会話のボールを、相手のコートに叩き込むみたいなエッジのきいたやりとり（キャッチボールじゃなくて卓球？）は、ものすごくうまくて楽しそうで、こういうふうなの書いてみたいな、と思ったけど挫折しちゃった。しかし改めて読むと、１巻から人気出そうな話じゃないな。今は２巻以降もすぐ読めるわけだけど。"
"2017/08/07","くもり","false","まずは登場人物紹介って感じかな。主人公の行動力も凄かったけど、それを何の感情の揺れも感じさせずフラットに受け入れる恵に驚いた。本当つき合いいいな。でも恵の淡々とした突っ込みとかフラグクラッシャーぶりはちょっとクセになりそう。"
"2017/07/26","習","false","アニメと展開が微妙に異なっていた。アニメの方が展開がやや合理的であり、小説の方は心理的内情がアニメに比べてよく表れており、主人公の奇人的な部分が強く押し出されていたように思う。"
"2017/07/22","すんすんえくすぷれす","false","アニメを1期2期みてもう１回原作楽しむために読んでみた。すべては一番最後の加藤のために用意された前ふりのようでクライマックスかわいかったなぁ。"
"2017/07/14","hayasaki","false","面白かった。個人的には詩羽先輩のサイン会のとこが1番好き。面白いところとうーんってところがある。友達に借りたけど、続きは自分で買おっかな。"
"2017/07/02","らっこ","false","アニメを２期まで見て面白かったので原作にも手を出しました。あらすじとしては知っている話でしたが、問題なく楽しめました。読み終えた後、記憶がおぼろげな一期を再視聴してみたら、原作と展開が異なる部分が多々あったり、加藤を意図的に絵からはずす演出だったり「フラットな表情」の描写にニヤリとしたり…当初は同人ゲームを作るメンバー集めというテーマを面白がってたもんな～。展開を知っているから楽しめないかもという心配は杞憂だったので、続きも読まなければ。"
"2017/06/25","ひざこぞう","false","アニメから。面白いけどゲームのテキストみたいだった。"
"2017/06/10","kitkit","false","アニメが入り口だけど面白すぎたので原作を一から追っていくことにする。アニメでは語られてない部分とかも結構あって、面白い"
"2017/06/06","しょうねん","true","アニメから入りましたが、やはり小説も素晴らしいです。キャラ同士の掛け合いが秀逸で、テンポもよいのでどんどんと引き込まれていきます。特に、1巻最後の「憧れの」加藤に再び会うシーンでは、なんというかまぁ「たまらん！」でした笑 加藤のセリフに「！？」が付いている所に、アニメの加藤とは少し違った印象を感じました。 ネタが時々わからないのと、たまに誰のセリフかパッとわからないことがあるのを除けば（除かなくとも）とても楽しめた一冊でした。"
"2017/06/01","あっちっち","false","アニメを見て、加藤の可愛さとえりりのジャージ&眼鏡姿、詩羽先輩の太腿に惹かれて原作にやってまいりました。読みやすくて良かったです。"
"2017/05/29","ききき","false","アニメを見てスペンサー教に入信。友人(ギャルゲ的親友)から原作も読むべきと勧められていたのでようやく手に取りました。 アニメの印象が強かったので、原作は思ったより状況描写がクドい&古典的なようにも感じましたが、著者は小説は初めてという事、そして当時のラノベは往々にしてこんな感じだったのかもしれません。内容は本当にライトでサクッと読めてしまうので続きを読みたいと思います。あんなに素晴らしいアニメの原作なのですから、ここからドンドン加速度的に面白くなっていくに違いありません楽しみです！我らが英梨々に光りあれ！"
"2017/05/21","鍵","true","過去にアニメを見ていたから気になって読んでみた。アニメ版とは少し（人によっては結構）加藤の印象が変わると想像される。話としては面白いんだが、アニメみたいに劇的ではなく小説としてじわっと面白い。原作者がアニメに口を出すことで両方ともその媒体として面白くなっているのは素晴らしいことだと思う。"
"2017/05/20","ストレイト八郎太","false","★★★★☆　消費型オタだった安芸倫也は一人の少女と運命的な出会いを果た、したと思ったら彼女は理想から色々外してきている「キャラが死んでいる女の子」だった、ツンデレ幼馴染とからかい先輩を巻き込んだ同人ゲー作成コメディ第１巻、冴えたプロローグの描き方。原作派なので今までアニメ未視聴で読了、面白い、けどもという作品。キャラやシナリオの流れなんかは流石の上手さ、あざといくらいの濃い２キャラに対し、元々薄くなりがちなメインヒロインを更にうすーく描き、それ自体を元にストーリーを展開、→"
"2017/05/19","highig","false","【約束された勝利のラノベ】文章にパルフェ、こんにゃく、ホワルバ２など、派手さはないが心揺さぶるシナリオで、確乎たる支持を獲得してきた丸戸史明。イラストに、同人時代からそのカラーイラストに絶対の定評があった深崎暮人。その類稀なる二つの才能が、ゲーム制作という己が土俵を舞台にせし物語にて・・・融合！生まれ出ずるは、星の鍛えし神造兵器。其は、あらゆるオタクの胸を打つ対人宝具 ｷｭﾝｷｭﾝ！ 其は、群がる豚を薙ぎ払う対軍宝具 ﾌﾞﾋｨｨｨｨ ！ 其は、オタク世界を書き換える対界宝具！受けて見よ！！エクスカ（ry"
"2017/05/16","shingo","false","アニメは見てないですが、友達が好きなんで読んでみました。ファンタジア文庫は初めてです。余白の多さに驚きました。もう少し詰めても良いのでは無いかと思いました。オタクな主人公がクラスメートのただの普通な女子加藤恵をヒロインにするギャルゲームを作るため知り合いの脚本家や絵師に協力してもらう話。主人公の言動が大変気持ち悪かったですが、あまり嫌いにはなれないですね。かなり面白かったです。果たして主人公はゲームを作ることが出来るのか。とても続きが気になります。"
"2017/04/29","Susumu Miki(Dik-dik)","false","超有名タイトルなのに読んでいませんでした。アニメ1期目の再放送を視聴したのがきっかけで読み始めたのですが、これはとても面白いです。アニメ化はかなり頑張っていると思いますが、やはり原作を読む方が良いですね。"
"2017/04/27","テルミー","false","いい意味でも悪い意味でもあまり中身に内容がないので、あっさりと読み終わってしまった。アニメとは微妙に違う展開もあったし、キャラも微妙に違うのでまぁまぁ楽しめたけれど。"
"2017/04/24","サイバーパンツ","false","加藤恵はキャラ立ちしていない。無個性ですらない。彼女は反応が薄く流されやすい普通の女の子である。そんな彼女に対し、安芸倫也は｢最強のヒロイン｣であるという幻想を勝手に抱き、そして途中、それが彼の｢理想｣だと気づき、勝手に失恋した。しかし、逆にそのことで、彼は創作意欲を刺激された。彼女がフラットだからこそ、ポテンシャルを高めていけるのではと感じたのである。倫也が恵をメインヒロインに仕立てるのは確かに｢理想｣に近づくための代償行為ではあるが、結局のところ、物語も人間関係もそういった代償行為から始まるのである"
"2017/04/15","口車の弥七","false","アニメが面白かったので、二期も始まることだしと原作を読んでみました。私のラノベのイメージは「やはり俺の青春ラブコメはまちがっている。」なので、それと比べると随分と印象が違うし薄っぺらいなというのが感想です。会話が続くと、これ誰の台詞？というところもあります。とは言え、テンポよく進むしアニメ感覚で読めるので、軽く読むには面白いと思います。意外だったのは加藤さん。アニメよりも今時の女子っぽい雰囲気で少し違和感があったので、安野希世乃のさんの声をイメージして読みました。とりあえず、続けて読んでみようと思います。"
"2017/04/10","いた","true","アニメ2期が始まるのを知って，前から興味のあったアニメ1期を一通り拝見して，そのまま原作にも手を出してみました。原作の方が背景がしっかり書かれていて，アニメ1期の冒頭の唐突さや置いてけぼり感は減っていたように思いますが，それでもやっぱり安芸君の考え方にはいまいち共感できない部分が多いです。まぁ本当はギャルゲーを作りたいというより，加藤さんに一目惚れしちゃった熱をどこかに向けたい，というのが起こりだと思うので，その後に加藤さんとああいった関係になったことで傍目から見てなんなんだろうと思っちゃうのかなぁ。"
"2017/03/29","juste","false","すごく面白い ★★★★★★★★★★★★★★★★★★★★★★★★★★★★★★★★★★★☆"
"2017/03/27","南条なずな","false","本自体は発売日に初版で買っていたのですが、ずっと積みっぱなしになっていました。アニメの再放送で初めて内容知って、4月から2期も放送ということでこのタイミングで読み始めることにしました。アニメではキャラとかストーリー面白いと思っていましたが、原作は地の文まで隙なく面白いです。丸戸作品は「こんにゃく」しかプレイしたことなく、それも5年以上昔の話なので他の作品もやりたいと思いました。(やるとはいってない"
"2017/03/24","ナカショー","false","アニメは見てたけど、アニメと少し異なる部分があったりしてかなり楽しめました。自分は詩羽先輩が一番ですね。１巻では全体的にプロローグみたいな内容でサークルが本格的に動き出してコレからどうなるのかといういいところで終わったので次巻もとても楽しみです。"
"2017/03/12","ミズガメ","false","三次元のクラスメイト、加藤恵を二次元のヒロインへと昇華させようとするラブコメ。リアルのヒロインはギャルゲーのようなヒロインとは違う。その象徴が加藤なのだが、主人公の周りにはツン（デレ）の英梨々やドＳの詩羽先輩といった王道ヒロインに満ちており、それなんてエロゲ状態でもあるから、メタ的設定なんだなと納得。英梨々や詩羽先輩に萌えつつも、最後に加藤が全部持って行ったことに、加藤ェ…と思わず呻いた。さすがメインヒロイン、さすが丸戸。話はまだまだ序盤です。"
"2017/01/14","空箱零士","false","★★★☆　加藤恵は無個性というより、（敢えて言うなら押しに弱い）普通の女の子なのだ。リアクション自体は薄いが、決してリアクションが「ない」のではなく、むしろ普通のリアクションをしている。「キャラ」である英梨々と詩羽の二人を並べると尚更際立つ。要するに、倫也は失恋をしたのではなく、恵に「幻滅」したのだ。どんな恋愛にも、幻滅は存在する。幻滅を越えて、越えるためにあがいて、その人を選ぶからこそ、人と人は愛し合える。倫也は、締め切り直前の一晩でのリテイクで、恵との探偵坂でのやり取りで、そのことに気づけただろうか？"
"2017/01/13","IWASAKI Yohei","false","クリエイターの人の苦労とかいろんな人の協力で作品が出来ているのがわかって熱くなった。"
"2018/11/15","ぶー","false","アニメ見てから読んでみた。普通に面白かった。冴えないあの子は、これからどうなるのか。見守っていきたいと思う。"
"2018/11/11","Keigo","true","とりあえず大雑把ですが、一通り読みました。なかなか面白かったです。アニメもなかなか好評みたいですし、以前から気になってた作品でした。これを気に追っかけてみようかなって感じですね。しかし、ヒロインの加藤恵って本当に冴えない感じの子なのね。登場人物がこれからどのように成長していくのか気にしつつ、次巻に期待ですね。"
"2018/11/05","西神中央林間田園都市","false","倫也が企画したサークル立ち上げに3人が加わるようになった理由とは？　それがわからず、私はモヤモヤしてしまっている。その点を含めて、全体的に展開を遅めにするともう少し読みやすかったかと思う。 次巻以降で明らかになることを期待しよう。"
"2018/10/07","のぱふぃる","false","エロゲ界トップライターの1人丸戸史明の作品でとっくにアニメ化もされている人気作だが今まで未読だったので購入。 オタクがオタクとギャルゲを作ろうとするプロットだが王道ラブコメに仕上がっている。メインヒロインは金髪ツンデレ幼馴染でも丸戸作品らしいダウナー系先輩でもない普通に可愛く目立たないクラスメートというのがこの作品の特色。そんな子をメインヒロインにしようと頑張るお話。 有名作なので既読の人も多いと思うけれど読んでない人がいたら結構オススメ。"
"2018/08/22","しょう","true","アニメ1期視聴済、英梨々がバチバチの同人ゴロで笑った。承認欲求が強そう。もしくは儲け一辺倒で同人を見てるのか。“人気がなきゃ、同人なんてやってる意味ない”とセリフもあるし同人プロ意識高そう。ラストの加藤恵はアニメのシーンがリフレインして無限に可愛いので2巻読みます"
"2018/08/03","長尾鷹弥","false","だいぶ前にアニメが終わり、原作も終わっているということで少しずつ読み始めようと。アニメは２期から見ていたので初期の倫理君からこんな扱いされていたんだなと新鮮だった。すでに加藤がかわいさの片りんを見せている気がするが、ラストでどう印象が変わるか楽しみ"
"2018/05/17","刹那＠よめきち","false","こんなひろいんもいいよね"
"2018/04/05","ゆうすけ","false","買ってから積みっぱなしでやっと読んだんですけど、面白かったです。アニメ見たんで大体内容わかっちゃうなーとか思ってたんですけど、そんなことなかったです。 そのため、ものすごく楽しめました。全巻買ってあるのでじゃんじゃん読みます"
"2018/01/15","ぼぼん","false","久しぶりのラノベ。起承転結の起って感じ。アニメだとまた印象が違うようなので暇があればそちらも見たい"
"2018/01/12","こーたろー","false","1巻だけど普通に泣いた。ギャグやら日常やらが楽しい。読みやすい文体でサクサク次へ行けるのでストレスがない。あとヒロインがかわいいので最高です。放課後に呼ばれてノコノコやってくる英梨々がかわいいのですこです。倫也が加藤恵との日々を「こう過ごしたかった」って気づくところは本当に良かった。メッッッッッちゃ共感した！ 運命の再演も本当に良くて泣いちゃったし、満足度が高いですね…… ただ評判というか、感想はちらほら見かけているのでこの先が怖くて楽しみですね…………(エピローグのあれとか"
"2018/01/11","すずしろ","false","主人公の行動に対してまるで共感、というか理解ができず、あまり楽しめなかった。可愛い子見つけたからそいつヒロインにしてゲーム作ったろ！と言われても、はあそうですか、としかならず他人を巻き込んでまでしてゲームを作ろうとする熱量についていけなかった。"
"2017/12/27","Masa.H","false","アニメ視聴済。つまり粗筋はわかった上での原作読み。　神回であるアニメ１期３話の裏というか詳細な話の流れを補完出来て嬉しい。どう考えてもこの時点で正ヒロインが誰なのかは決まっている。"
"2017/11/16","こおき","false","★★★★★"
"2017/08/29","留姫野真希","true","同人誌ゲームを作りたい主人公が仲間を集めるまで。結局、天才絵師と天才作家は、主人公じゃなくてヒロイン（仮）の加藤さんに説得されて参加するんだけど、加藤さんがゲーム作成に協力する理由は「暇だし」だったんだよな。十分に回転させた会話のボールを、相手のコートに叩き込むみたいなエッジのきいたやりとり（キャッチボールじゃなくて卓球？）は、ものすごくうまくて楽しそうで、こういうふうなの書いてみたいな、と思ったけど挫折しちゃった。しかし改めて読むと、１巻から人気出そうな話じゃないな。今は２巻以降もすぐ読めるわけだけど。"
"2017/08/07","くもり","false","まずは登場人物紹介って感じかな。主人公の行動力も凄かったけど、それを何の感情の揺れも感じさせずフラットに受け入れる恵に驚いた。本当つき合いいいな。でも恵の淡々とした突っ込みとかフラグクラッシャーぶりはちょっとクセになりそう。"
"2017/07/26","習","false","アニメと展開が微妙に異なっていた。アニメの方が展開がやや合理的であり、小説の方は心理的内情がアニメに比べてよく表れており、主人公の奇人的な部分が強く押し出されていたように思う。"
"2017/07/22","すんすんえくすぷれす","false","アニメを1期2期みてもう１回原作楽しむために読んでみた。すべては一番最後の加藤のために用意された前ふりのようでクライマックスかわいかったなぁ。"
"2017/07/14","hayasaki","false","面白かった。個人的には詩羽先輩のサイン会のとこが1番好き。面白いところとうーんってところがある。友達に借りたけど、続きは自分で買おっかな。"
"2017/07/02","らっこ","false","アニメを２期まで見て面白かったので原作にも手を出しました。あらすじとしては知っている話でしたが、問題なく楽しめました。読み終えた後、記憶がおぼろげな一期を再視聴してみたら、原作と展開が異なる部分が多々あったり、加藤を意図的に絵からはずす演出だったり「フラットな表情」の描写にニヤリとしたり…当初は同人ゲームを作るメンバー集めというテーマを面白がってたもんな～。展開を知っているから楽しめないかもという心配は杞憂だったので、続きも読まなければ。"
"2017/06/25","ひざこぞう","false","アニメから。面白いけどゲームのテキストみたいだった。"
"2017/06/10","kitkit","false","アニメが入り口だけど面白すぎたので原作を一から追っていくことにする。アニメでは語られてない部分とかも結構あって、面白い"
"2017/06/06","しょうねん","true","アニメから入りましたが、やはり小説も素晴らしいです。キャラ同士の掛け合いが秀逸で、テンポもよいのでどんどんと引き込まれていきます。特に、1巻最後の「憧れの」加藤に再び会うシーンでは、なんというかまぁ「たまらん！」でした笑 加藤のセリフに「！？」が付いている所に、アニメの加藤とは少し違った印象を感じました。 ネタが時々わからないのと、たまに誰のセリフかパッとわからないことがあるのを除けば（除かなくとも）とても楽しめた一冊でした。"
"2017/06/01","あっちっち","false","アニメを見て、加藤の可愛さとえりりのジャージ&眼鏡姿、詩羽先輩の太腿に惹かれて原作にやってまいりました。読みやすくて良かったです。"
"2017/05/29","ききき","false","アニメを見てスペンサー教に入信。友人(ギャルゲ的親友)から原作も読むべきと勧められていたのでようやく手に取りました。 アニメの印象が強かったので、原作は思ったより状況描写がクドい&古典的なようにも感じましたが、著者は小説は初めてという事、そして当時のラノベは往々にしてこんな感じだったのかもしれません。内容は本当にライトでサクッと読めてしまうので続きを読みたいと思います。あんなに素晴らしいアニメの原作なのですから、ここからドンドン加速度的に面白くなっていくに違いありません楽しみです！我らが英梨々に光りあれ！"
"2017/05/21","鍵","true","過去にアニメを見ていたから気になって読んでみた。アニメ版とは少し（人によっては結構）加藤の印象が変わると想像される。話としては面白いんだが、アニメみたいに劇的ではなく小説としてじわっと面白い。原作者がアニメに口を出すことで両方ともその媒体として面白くなっているのは素晴らしいことだと思う。"
"2017/05/20","ストレイト八郎太","false","★★★★☆　消費型オタだった安芸倫也は一人の少女と運命的な出会いを果た、したと思ったら彼女は理想から色々外してきている「キャラが死んでいる女の子」だった、ツンデレ幼馴染とからかい先輩を巻き込んだ同人ゲー作成コメディ第１巻、冴えたプロローグの描き方。原作派なので今までアニメ未視聴で読了、面白い、けどもという作品。キャラやシナリオの流れなんかは流石の上手さ、あざといくらいの濃い２キャラに対し、元々薄くなりがちなメインヒロインを更にうすーく描き、それ自体を元にストーリーを展開、→"
"2017/05/19","highig","false","【約束された勝利のラノベ】文章にパルフェ、こんにゃく、ホワルバ２など、派手さはないが心揺さぶるシナリオで、確乎たる支持を獲得してきた丸戸史明。イラストに、同人時代からそのカラーイラストに絶対の定評があった深崎暮人。その類稀なる二つの才能が、ゲーム制作という己が土俵を舞台にせし物語にて・・・融合！生まれ出ずるは、星の鍛えし神造兵器。其は、あらゆるオタクの胸を打つ対人宝具 ｷｭﾝｷｭﾝ！ 其は、群がる豚を薙ぎ払う対軍宝具 ﾌﾞﾋｨｨｨｨ ！ 其は、オタク世界を書き換える対界宝具！受けて見よ！！エクスカ（ry"
"2017/05/16","shingo","false","アニメは見てないですが、友達が好きなんで読んでみました。ファンタジア文庫は初めてです。余白の多さに驚きました。もう少し詰めても良いのでは無いかと思いました。オタクな主人公がクラスメートのただの普通な女子加藤恵をヒロインにするギャルゲームを作るため知り合いの脚本家や絵師に協力してもらう話。主人公の言動が大変気持ち悪かったですが、あまり嫌いにはなれないですね。かなり面白かったです。果たして主人公はゲームを作ることが出来るのか。とても続きが気になります。"
"2017/04/29","Susumu Miki(Dik-dik)","false","超有名タイトルなのに読んでいませんでした。アニメ1期目の再放送を視聴したのがきっかけで読み始めたのですが、これはとても面白いです。アニメ化はかなり頑張っていると思いますが、やはり原作を読む方が良いですね。"
"2017/04/27","テルミー","false","いい意味でも悪い意味でもあまり中身に内容がないので、あっさりと読み終わってしまった。アニメとは微妙に違う展開もあったし、キャラも微妙に違うのでまぁまぁ楽しめたけれど。"
"2017/04/24","サイバーパンツ","false","加藤恵はキャラ立ちしていない。無個性ですらない。彼女は反応が薄く流されやすい普通の女の子である。そんな彼女に対し、安芸倫也は｢最強のヒロイン｣であるという幻想を勝手に抱き、そして途中、それが彼の｢理想｣だと気づき、勝手に失恋した。しかし、逆にそのことで、彼は創作意欲を刺激された。彼女がフラットだからこそ、ポテンシャルを高めていけるのではと感じたのである。倫也が恵をメインヒロインに仕立てるのは確かに｢理想｣に近づくための代償行為ではあるが、結局のところ、物語も人間関係もそういった代償行為から始まるのである"
"2017/04/15","口車の弥七","false","アニメが面白かったので、二期も始まることだしと原作を読んでみました。私のラノベのイメージは「やはり俺の青春ラブコメはまちがっている。」なので、それと比べると随分と印象が違うし薄っぺらいなというのが感想です。会話が続くと、これ誰の台詞？というところもあります。とは言え、テンポよく進むしアニメ感覚で読めるので、軽く読むには面白いと思います。意外だったのは加藤さん。アニメよりも今時の女子っぽい雰囲気で少し違和感があったので、安野希世乃のさんの声をイメージして読みました。とりあえず、続けて読んでみようと思います。"
"2017/04/10","いた","true","アニメ2期が始まるのを知って，前から興味のあったアニメ1期を一通り拝見して，そのまま原作にも手を出してみました。原作の方が背景がしっかり書かれていて，アニメ1期の冒頭の唐突さや置いてけぼり感は減っていたように思いますが，それでもやっぱり安芸君の考え方にはいまいち共感できない部分が多いです。まぁ本当はギャルゲーを作りたいというより，加藤さんに一目惚れしちゃった熱をどこかに向けたい，というのが起こりだと思うので，その後に加藤さんとああいった関係になったことで傍目から見てなんなんだろうと思っちゃうのかなぁ。"
"2017/03/29","juste","false","すごく面白い ★★★★★★★★★★★★★★★★★★★★★★★★★★★★★★★★★★★☆"
"2017/03/27","南条なずな","false","本自体は発売日に初版で買っていたのですが、ずっと積みっぱなしになっていました。アニメの再放送で初めて内容知って、4月から2期も放送ということでこのタイミングで読み始めることにしました。アニメではキャラとかストーリー面白いと思っていましたが、原作は地の文まで隙なく面白いです。丸戸作品は「こんにゃく」しかプレイしたことなく、それも5年以上昔の話なので他の作品もやりたいと思いました。(やるとはいってない"
"2017/03/24","ナカショー","false","アニメは見てたけど、アニメと少し異なる部分があったりしてかなり楽しめました。自分は詩羽先輩が一番ですね。１巻では全体的にプロローグみたいな内容でサークルが本格的に動き出してコレからどうなるのかといういいところで終わったので次巻もとても楽しみです。"
"2017/03/12","ミズガメ","false","三次元のクラスメイト、加藤恵を二次元のヒロインへと昇華させようとするラブコメ。リアルのヒロインはギャルゲーのようなヒロインとは違う。その象徴が加藤なのだが、主人公の周りにはツン（デレ）の英梨々やドＳの詩羽先輩といった王道ヒロインに満ちており、それなんてエロゲ状態でもあるから、メタ的設定なんだなと納得。英梨々や詩羽先輩に萌えつつも、最後に加藤が全部持って行ったことに、加藤ェ…と思わず呻いた。さすがメインヒロイン、さすが丸戸。話はまだまだ序盤です。"
"2017/01/14","空箱零士","false","★★★☆　加藤恵は無個性というより、（敢えて言うなら押しに弱い）普通の女の子なのだ。リアクション自体は薄いが、決してリアクションが「ない」のではなく、むしろ普通のリアクションをしている。「キャラ」である英梨々と詩羽の二人を並べると尚更際立つ。要するに、倫也は失恋をしたのではなく、恵に「幻滅」したのだ。どんな恋愛にも、幻滅は存在する。幻滅を越えて、越えるためにあがいて、その人を選ぶからこそ、人と人は愛し合える。倫也は、締め切り直前の一晩でのリテイクで、恵との探偵坂でのやり取りで、そのことに気づけただろうか？"
"2017/01/13","IWASAKI Yohei","false","クリエイターの人の苦労とかいろんな人の協力で作品が出来ているのがわかって熱くなった。"
"2017/01/12","リク","false","この娘はホントになんて分類したらいいか分からない娘だな。特に何とも反応しないから、アルゴン系ヒロインと名付けよう(冗談)。 オタクな主人公と冴えないヒロインのラブコメ？ いかんせん英梨々と詩羽先輩のキャラが濃すぎて加藤が目立たないというか、それが逆に目立ってるというか。 普通に美少女とラブコメっぽいことして、こんなにフラグが立たないって新感覚だ。"
"2017/01/01","いしい","false","ヒロインである加藤恵のキャラが新鮮でとてもいいと思う。ただどうにもこうにもノリが…キツイ…寒い…。ほとんど何もしてない主人公の他力本願さもどうなんだ、これは。コンセプトは悪くないんだけどなあ。主人公と加藤恵の関係性も絶妙で、おそらく今後少しずつ、じれったい感じに仲を深めていくのだと予想するし、そんな加藤恵をとても見てみたいけれど、相手がこの主人公だと思うとなあ…。せめてもう少しだけカッコいいところを見せてほしかった。"
"2016/12/24","いろじろ","false","アニメ視聴済み。ホログラム版が出たのでアニメも面白かったし手を出して読んでみたらとても面白い！加藤がアニメより可愛く見えたw今回はプロローグなので次からが楽しみです。"
"2016/12/07","むりっち寿司","false","アニメの加藤恵のほうが可愛い(完)"
"2016/11/27","エーカー","false","まさに体験版って感じ。 メインヒロインはいい味出してるけど、他の2人のインパクトが強すぎてメインヒロイン感はあんまりないね。"
"2016/11/23","ほたる","false","ラノベの1巻はキャラ紹介。作中作な感じで進んでいくのかな"
"2016/11/16","まつや","false","アニメ見て面白かったので原作にも手を出してみました。主人公がアニメより強烈にクズというか、クソみたいなオタクのお手本なキャラや言動をしていてげんなりした。読んでいて辛さはあったけど、ヒロイン加藤のフラットさに救われた。やはり加藤のために続きも読みたい。"
"2016/11/13","おれんじ","false","アニメの出来がとても良かったので読んでみた。一巻の段階ではまだまだ導（単に作者の愚痴にすぎないような気もするが）を知ることができ新鮮だった。1月からは2期が始まるということで、それまでに最新刊まで読めればと思う。"
"2016/10/30","ランタン","false","アニメは見て２期が楽しみでもあるので読んでみた。原作のほうは主人公が苦手だったけどまあ２巻があるので読む。"
"2016/09/15","柳なつき","false","『冴えない彼女の育てかた(1)』読了。女の子たちがかわいいラノベは好きです。女の子たちがきゃっきゃうふふしているのも好きだけれど、こういう関係性であるのも好きです。主人公はたしかにオタクだし彼女はたしかに冴えないのだけれど、それだけでは終わらないニュアンスが読んでてはらはらした。"
"2016/08/16","mikan","false","友人から勧められて借りた本。久しぶりにライトノベルを読んだ。さらさら読めたので2日間で読了。加藤のキャラのなさは逆に珍しいんじゃ…。"
"2016/07/26","あき","false","加藤恵、ごく個人的な事情で脳内再生がはかどるので永遠に安芸くん呼びしていて欲しい"
"2016/07/07","もろこしペンギン (もろペン)","false","2回目〜"
"2016/07/04","earlgray","false","アニメが面白かったので今更ながら購入。安芸君のコミュ力高ぇー。"
"2016/06/25","灰桜@ラノベを愛でる会会長","false","読了。アニメ視聴済みです。演出の違いがあるくらいでアニメとほぼ同じですね。文章でも加藤恵の魅力は健在でしたw"
"2016/06/23","コリエル","false","アニメを見たので原作にも手を出してみた。ここで終わるのかって感じ。最初から続巻前提だからか、大きな山場もないスタート。恋愛が軸の物語なのに、その部分での動きが無さすぎて文章だけで読むの辛いな。"
"2016/05/01","akatuki","false","面白かった。☆☆☆"
"2016/04/11","国枝司","false","アニメが凄く良く出来ていて、特にキャラデザに惹かれ、ラノベにも手を伸ばした。前半の時間軸が少し複雑なため、アニメの記憶と照らし合わせながら読み進めた部分があったが、全体を通して女キャラの特徴が前面に表れており、楽しんで読むことができた。"
"2016/03/21","きりひと＠74","false","★☆☆☆☆ 「読み始める」（丸戸史明の新作が読めるとかｗｋｔｋ過ぎる） → 「読みすすめる/100ページ通過」（盛り上がりはまだか） → 「更に読みすすめる/200ページ通過」（も、盛り上がりは…？） → 「根気強く読みすすめる/250ページ通過」（…………え）。 → 「読み終える」 (； ﾟдﾟ)ﾎﾟｶｰﾝ。も、盛り上がりどころか登場人物の紹介だけで終わってもーた…。…。あ、あれだね。世界でいちばんNGな恋のＡパートを音声なしで流し見てる感覚…。もしくは、王雀孫の俺翼か釣り乙を音声なしで（以下省略）。"
"2016/03/21","ハユ","false","面白かった！てか、普通に恵が可愛い^o^ エリリや詩羽先輩との共同サークルがこれからどうなっていくのか、たのしみです。"
"2016/03/18","珈琲好き","false","俺ガイルから来ますた。ホワルバはやったことないです。よろしくお願いします。"
"2016/03/18","ルジャンパール究一","false","なんとか読了時間が５０分を切ることができました。最後の４ページは卑怯だよ！！"
"2016/02/16","くれいん","false","メインヒロインが表紙じゃない…だと！？内容は運命の出会い(？)をした同じクラスの女の子をメインヒロインにギャルゲーを作ろうとかいう話。ゲームにソコまで精通してないので細かいネタは分からないけど、キャラの掛け合いは好きかな。特に感情の読めない恵ちゃんとの掛け合いが好き。アニメは見てないです。"
"2016/02/09","まぁ","false","アニメを見てハマり原作を読みました。皆さんのレビューにあるように、誰が喋ってるのかわかりにくかったです。自分はアニメを見てたのですぐ慣れましたが、原作から読んだ人は読みづらいんだろうなーって感じます。 それでもアニメとは違った魅力もあるのは確かで、アニメは見やすく整理されたような感想を持ちました。アニメだけで済ませてる方も読んでみてはいかがでしょう。"
"2016/01/20","ノーウェル","false","アニメを見た後で、原作ではどう書かれているのかと気になって読んでみた。 アニメのほうがテンポいい流れになるよう、多少改変が入ってるみたい。 話の流れとか、キャラの出会いかたとかけっこう違う。 一番印象的だったのは、「わたしのどういうところが良かった？」「もう少し、息苦しくてもよかったかなって」という会話の後の、どうして倫也君からそんなセリフが出てきたのか...その背景を語る倫也君のモノローグ。 アニメではなかった語りだったし、アニメで見ていた時は少し引っかかるセリフだったので、読んで納得できたなぁ、と。"
"2016/01/19","クロネコ","false","アニメも見たのでふと気になって購入。会話はいかにもな感じで、少し前のパロディを多用した会話に少しニヤッとしたり、げんなりしたり。ただ、加藤がかわいい。あんな子は絶対いない。だから、次巻も買うか。"
"2016/01/09","立風","false","無個性なヒロインをメインに据えたラブコメ作品。1巻は導入的な話だったので、これから各ヒロインの掘り下げが楽しみです"
"2015/12/20","kazu","false","みんな言っていることだが、誰のセリフかがわかりにくいですね。2巻に期待します。でも僕はアニメから入ったのである程度は補えました。ギャルゲーはやったことないのですかなんとなく展開はわかったような気がします。次巻も読みたいです。"
"2015/12/17","IITTC4","false","少しハマれば一気にいける作品"
"2015/11/28","える","false","再読。やっぱり読みにくいなぁ（苦笑　そして感想も書き辛い至って普通の日常描写だけなので、この時点では面白いかどうかも分からない段階。とりあえず加藤と英梨々が可愛いので、その2人を楽しむ作品という感じかな。"
"2015/10/04","ウィP","false","【登録前に読了済み】アニメから入った。確かに他のユーザーの言った通り、文章表現は読みづらい。これは明らかに普通のラノベの書き方でなく、あえてギャルゲーの書き方をラノベに書き込んだと思う。著者こと丸戸史明は元々エロゲーのシナリオライターであることは仕方がないかもしれない。1巻はアニメ1話と異なり、別の面白みを味わえたことに感謝。何より読みながら声優さんの声が脳内再生されたことは初めてで、とても貴重な体験であった。それにしても、こうしてみると原作の恵は本当に影薄いね。アニメは登場早々強いオーラの持ち主なのに。"
"2015/09/23","タリぃ","false","読みにくい。キャラも立ってるのは英梨々だけというね……。低レベル過ぎて、なぜこの作品がアニメ化したのか理解できない。エピソードが面白いって訳でもないし。つまらないの極地。"
"2015/09/23","んがんぐ","false","序盤の読みにくさがハンパないです。慣れれば楽しめるようになるので、頑張って読みましょう。ラノベが書けないシナリオライターなら、TRPGのリプレイや、台本の形式で書けば良かったのに。"
"2015/09/01","ミリア","false","悔しくもアニメから入った身だが、個人的にこの作品本当にどストライクであり、著者の丸戸史明さんが気になって、他の作品を漁る様に読んだりプレイしたりしたものである。そしてまた自分にとっての原点に戻ってきた。アニメ一期の続きが気になるからそこが目標（まあ二期やるらしいけど）。まず表紙が明らかにメインヒロインでは無いのが気になっていたが、それも意図があったのね笑 確かに恵なら一番じゃなくても許してくれそう。しかしキャラが魅力的で素晴らしい。まあアニメ見たからだけど声で脳内変換される！まるで動いているかの様な文章。"
"2015/09/01","しぶがき","false","アニメ視聴済みです。加藤さんが結構感情表現してたり、三人の出会い方だったりとアニメと結構違ってましたね。ヒロインは三人とも可愛いですね。でも、アニメ見た感じだと加藤ちゃんが可愛い。面白かったので、次の巻もすぐ読みたいです。"
"2015/08/14","Pikumin","false","主人公安芸倫也が、冴えない同級生加藤恵をギャルゲーヒロインにするべく画策する物語。恵は同級生の中で目立たない存在、みたいな印象があったにも関わらず、倫也の暴走に対してのツッコミが妙に上手かったり妙な違和感も色々ありつつ読んだ1巻目でした。ツッコミを繰り返して本題は何だったっけな…と思ったり、読みづらさも多々感じながらも、これがライトノベルだ、と自分を納得させていました。2巻目は少し考えることに。"
"2015/08/08","あもすけ","false","安芸くんが何を言おうとそのままの加藤恵さんがひたすら可愛い。"
"2015/07/27","すぎやん","false","ギャルゲーやエロゲーはやったことがないし，WA2も内容は知らないけれど，アニメから／セリフが誰のものか分かりづらいなど少し読みにくいところはあったけれど，ヒロインの可愛さは十分に伝わってきました。テンプレキャラからテンプレ要素を除いたらテンプレではないテンプレキャラが生まれる，とそういうわけですね。"
"2015/07/21","ちぇ。","false","読み終わった直後は思うこともいろいろあるのだが、しばらくしてから思い返せることと言えば「加藤がかわいい」ということ以外に特にない、そんな作品。会話中心で、地の文は少ないものの、ちゃんと目的があって、人間関係のゴタゴタがあってと、ただブヒブヒしてるわけではなく、きちんとストーリーを展開させているものの、結局最後に行き着くところは「加藤かわいい」。えりりかわいい、先輩かわいいと思っても、結局「やっぱり加藤が最強かー（ｂｙACのカニス）」で終わる。そんな作品だと、ワタシハオモッタ。"
"2015/07/20","kiji","false","★２。ギャルゲーやりこんだ人達がターゲットだとするとずいぶん狭い範囲かなと。テンプレを外そうという狙いは分からなくもないですがそれほど成功しているように思えませんでした。加藤さんのようなキャラを求める人はほのぼの４コマ系のマンガやアニメに行くのではないでしょうか"
"2015/07/13","ばぢる","false","○(ピー)表現多すぎだろ！ あと加藤可愛いな！このやろ"
"2015/07/12","ねくろ","true","先にアニメを見てからの小説。アニメではなかったシーンや加藤恵の映像とは違った目立たさなさが出ていてよかった。最近のラノベとは違い、地の文といった描写よりもキャラとの掛け合いでの描写が特徴的で、場面背景がわからない面もあるかな、といった感じ。個人的には面白くて続きが読みたい。加藤恵かわいい。"
"2015/07/11","Aira⊿","false","うん。面白かった。加藤の素朴っぷりが可愛い"
"2015/07/06","シュウ","false","批判レビュー　注意 ラブコメが好きな自分がアニメ化するということもあり手にとった一冊。 序盤から終盤までつまらないの一言自分視点からいうと盛り上がりにかけ、目立った面白さがないまま終わった一巻である。二巻目を読もうとは思わない。"
"2015/07/05","Subtle","false","ノベルというよりシナリオの抜き出しみたいな文章だけど、キャラが立っているのでおもしろい"
"2015/07/02","氷柱","false","先にアニメを見て、やっと原作を手に入れることができました。アニメで見るのと集中しちゃうところがちょっと違って、倫也って意外と純粋と思ってしまうけれどこれって私の猛烈な勘違いだけかも知れない。本作は度々題材にされているエロゲに詳しくないと面白さ半分だったりとラノベ作家としてやっちゃアカンところもあって、正直そうじゃないとこの一巻についていけるかどうか怪しいけど、もともとエロゲをやるために日本語を学んだ私が文句を言うはずもない。しかし倫也はその内気づくのかな、加藤が玲愛並みに輝いていることに。"
"2015/06/28","青い太陽","false","1/5点。WA2やパルフェは好きな私ですが、( ﾟдﾟ)ﾎﾟｶｰﾝとなりました。まるでエロゲからシナリオのみとりだした文章。誰が話しているか今いちわからない（後半少し改善）＆キャラ見せと設定紹介で終わった･･･。雰囲気もラノベではなくエロゲのそれ。固定客を抱えている者のみに許されたフリーダムな書き方。WA2なども序盤は文章以外の力でもっていたので悪い予感はしていたが。著者のコアなファンでなければきついと思う。アニメ化しても売上げが3万と伸びないのがそれを裏付けているのかも。太陽の子のはどうなったのだろう？"
"2015/06/18","結崎　春菜","false","話の展開の流れとしては筋は通っているものの説得力が足りないので、いまひとつのめり込めないか。行間を読めということか、最後に二人が協力する理由も恵が安芸くんに衝き動かされた理由も何となく分かるのですが、少々読者に想像を委ねすぎかな。安芸くんが起こすイベントや彼の想いが恵を動かす原動力になっているのでしょうが、その部分がもう少し良い表現方法を模索してほしかった。とはいえ、キャラクターの良さとゲーム作りという状況の目新しさがあるので、作品としての楽しみと先の展開の期待は十分にあります。"
"2015/06/07","中野　はじめ","false","アニメから入ったけど、原作も予想通り面白い。 加藤、英梨々に詩羽先輩とどのキャラも別の作品ならメインヒロインをやれるぐらいのキャラを1つの作品で楽しめるっていうのは凄い贅沢だと思う。 1巻に関しては加藤がまだ乗り気でないのと詩羽先輩の描写が少なかったりで、英梨々がマジメインヒロイン。"
"2015/06/07","ます","false","丸戸先生のゲームは好きだけどラノベは初めてだった。会話多くて情景や心情が捉えにくく感じたけど、展開はそれなりに面白かった。むしろ今後面白くなりそうって言う方が正しいかも。"
"2015/06/06","takao","true","アニメを観た勢いで、原作の方も読了。加藤も加藤でそれなりにラノベ的なキャラのような気がしますが（俺妹の麻奈実みたいな）、他の3人が濃いので、相対的に新鮮というか。現実にいるとしたら癒されるタイプのような気がします。倫也は一体何が不満なのか。これだからオタクって人種は全く。と言いつつ、英梨々が可愛いなぁ、と思う私も大概なのですが。とりあえずアニメは見たので、今後の展開は大体分かりつつ、原作とアニメの違いを楽しみたいです。"
"2015/05/22","アニエス","false","アニメが面白く、まだ持ってない４巻以降を読むためにおさらい程度に再読。昔は微妙に思えたのに今読むと楽しくてしょうがない。ちょいちょい笑えない部分はありますが、ストーリーもキャラもよかったです。アニメまでしか内容がわかっていませんが、本当に冬コミまでにゲームが完成するのか不安ですね…。完成することを祈りつつ、続きを読んでいこうと思います。ああ、やっぱり恵ちゃんはメインヒロインです…。"
"2015/05/04","キツノカ","false","キャラが可愛い。「おまえはキャラが死んでるんだよ！」一度は言ってみたい。キャラとはなんぞやと考えさせられた。テンプレキャラと、テンプレではないキャラ。しかし、テンプレツンデレキャラの破壊力はすごい。ツンデレ好きだわ。"
"2015/05/01","sio","false","場所やらキャラ外見やらの説明が凄く少なくてもアニメから入ったので大丈夫でしたが、いきなり小説だったら挫折したかも それはともかくお話はとっても面白かったです 加藤ちゃん好き好き(*^^*)"
"2015/04/26","ちびロビン","false","オタクである安芸倫也が運命的(？)に出会った加藤恵を自らの理想のヒロインとするべくゲーム作りに奮闘するラブコメ作品。アニメが面白かったので手に取ってみました。記念すべき1巻なのに表紙は英梨々とか不遇すぎるメインヒロインの恵ですが、冴えない彼女が輝いた時にどうなってくるのか楽しみです。ちなみに個人的には英梨々が一番好きですかねぇ。あのテンプレ的な幼なじみキャラがグッと来ます。"
"2015/04/22","うらちゃん","false","地の文が少なく会話文が多かったことは気になるけど、めちゃくちゃ面白かった。特徴のあるキャラが多いから誰が喋ってるかもだいたいわかる感じでした(笑)何より、メインヒロインの加藤が可愛い。そして、新しい(笑)英梨々と詩羽先輩がテンプレ色の強いヒロインだからこそ加藤の存在が際立っていた。アニメは観ていたのに、ページを捲る手が止まらなかった(笑)ラノベやアニメで色んなタイプのヒロインを知った人にこそ加藤はツボにはまる気がする。まあ、個人的には詩羽先輩が一番好みなんですけどね(笑)今後も期待大です。"
"2015/04/14","highcampus","false","加藤恵"
"2015/04/07","同人円文","false","アニメが面白かった、と言うことで早速読んでみました。 話の文章量も設定もバランス良く纏まってる感じですんなり読める感じでした。 オタクな主人公が坂道で帽子を拾って見上げてみればそこには運命的な出会いが！と思えば実際はとっても地味な女の子。 残念な展開になるもなら自分が変えてやる。ヒロインにしてやる！という展開は新鮮でした。 他のヒロイン達との関係もそれぞれ一癖あって話を盛り上げていて先の展開が気になります。 最近のアニメ化作品の中ではトップレベルに面白い作品でした。 ちなみに自分は詩羽先輩押しです。"
"2015/04/05","坂上田村麻呂（本人）","false","表紙の子がメインヒロインじゃない・・・だと・・・"
"2015/04/05","羽子茉礼志","false","作者がシナリオライターということで、最初こそ会話文の多さが目について読みにくくはあったけど、話が入ってくると気にならなくなったので、慣れの問題かなと。アニメを見ても思ったけれど、加藤のあの投げやりな性格はあれはあれでキャラ立ってるよなーと。良い意味で。"
"2015/04/05","deep家","false","「ギャルゲーのシナリオ」という読み方をすることで、誰の発言？という謎が解けます。恵ちゃんが今後、どのように育成されるか楽しみ。"
"2015/04/04","soltscity","false","ギャルゲー？の言葉が難しくて(知らないだけ)ちょっと読みづらく感じた。内容は当然のように面白かったから2巻も読もうと思う。ほかの巻はもっと面白いらしい。"
"2015/04/04","カフェオレ","false","アニメから。最初は括弧が多くて誰のセリフかわかりづらいところもあったけど途中で慣れました。加藤のキャラがすごく好きですね。"
"2015/04/03","凍矢","false","面白いとは思いますが、いまいち押しが弱いところがなぁー。主人公のダメダメオタク度数の高さに、逆に引いてしまいました。とりあえず、２巻も読んでみますが。アニメ化したけど、良さが分からないのは、自分だけですか？"
"2015/04/02","tegege","false","第一巻はマンガやアニメで何度も補完再生してるから、あまり読み返す気がしない。でも久しぶりに手に取ったら、いろんな意味で手探り感が楽しい。"
"2015/03/29","みゆ","true","アニメが一段落したので読み始めました。今更気づいたのですが作者さんシナリオライターの方だったのですね。確かに文章も会話が多めでギャルゲを読んでいる感じ。さくさく読めたけどたまに会話の主が誰かな？って部分も。アニメよりはアキ君が深層的に落ちてるように感じたのが美味しい。無自覚関係良いね…たまらんね…。多角関係でうわーってなるのを期待して読み進めます。"
"2015/03/25","akuakuma","false","★★☆☆☆"
"2015/03/22","そうじろう","false","WHITE ALBUM2が好きだったし、アニメ化されるしということで、アニメ放送前に購入していて、ようやく読んだ。正直自分には合わない作品だった。なんというか、設定が受け入れられなかった。あと、文章が読みにくかった。"
"2015/03/22","N64","false","再読。別につまんなくはないけど、他の巻に比べると微妙だなぁ、と思ってしまう。"
"2015/03/20","GINTOKI","false","友達に進められて読破。 表紙がまさかのメインヒロインじゃないということにびっくりｗ（いや、エリリも十分メインですけど…タイトルの子では無いという意味で） 個人的には一番の押しのキャラは加藤さんですね。やっぱああいう安心感ある女の子は好きです。悪く言えば存在感ないヒロイン。俺妹でいう幼なじみの麻奈実、ゆるゆりでいうあかりとかね、無害でほんとにいい子が大好きです"
"2015/03/20","いまきたさんぎょう","false","倫理とはなにかッ！？倫理とはなにかッ！？倫理とはなにかッ！？倫理とはなにかッ！？倫理とはなにかッ！？倫理とはなにかッ！？倫理とはなにかッ！？倫理とはなにかッ！？倫理とはなにかッ！？倫理とはなにかッ！？倫理とはなにかッ！？倫理とはなにかッ！？倫理とはなにかッ！？倫理とはなにかッ！？倫理とはなにかッ！？倫理とはなにかッ！？倫理とはなにかッ！？倫理とはなにかッ！？倫理とはなにかッ！？倫理とはなにかッ！？倫理とはなにかッ！？倫理とはなにかッ！？倫理とはなにかッ！？倫理とはなにかッ！？倫理とはなにかッ！？"
"2015/03/16","東の木（とーけん）","false","アニメを観てから読もうと思っていたので、いまさらながらに読み始めました。文字だからこその情報量で攻めつつも、その根幹にあるものはアニメと変わらないのだなと。アニメでは感情の変化がいまいち掴めなかったので、自分のペースで読めるこちらを先に読んだほうがよいかもと思いました。"
"2015/03/12","usagi_company","false","アニメから。アニメの脚本が著者本人ですが結構大幅な変更が加えられています。ラノベの方は描写がついて回りますので、アニメのような会話のテンポの良さに欠けますね。ま、別物という事で読むと良いと思います。"
"2015/03/11","くれ","false","アニメ見て面白かったんで読んでみた。アニメで端折られてる部分が読めて面白いっちゃ面白いんだけど、なんか読みにくい所がチラホラあった。後半あたりで慣れてきてどうにかなったけど…www加藤ちゃんとか脳内再生余裕だけど、アニメだから可愛いってのもあったかもしれない。小説だとホントに存在感がないからwwwでもなんだかんだで面白いんで早速2巻も読んでみようかと思います。"
"2015/03/07","mitei","false","ライターで有名な丸戸さんのラノベ初進出という作品。最初の導入部分が読みにくいけどペースが掴めたらオタクのあるあるネタを面白く読めて良かった。"
"2015/03/06","りつか","false","アニメ見始めたのと、続きの巻を読むために再読。気づいたら引き込まれてるこの吸引力こわい。日常系ゲームとか割とすぐ飽きちゃって一人クリアするかどうかで投げちゃうような人間なんだけれども、丸戸作品なら最後までできるかしら、とか思ってしまった。"
"2015/03/05","RC","true","やっぱ加藤さん強いやん。"
"2015/03/04","ミトスさん","true","アニメが凄く面白くて購入。エリリと詩羽の紹介部分がアニメよりも詳しくなっているが、すんなり紹介させたアニメのほうが好きかも。そして安芸君を励ますための加藤さんの演技部分はやはり良い。なにより、原作では安芸君が加藤さんにキスを迫ろうとしたとこは萌えた。"
"2015/03/02","葉月雫","false","オススメ度：★★★"
"2015/03/02","チェリい","false","友人から借りて読みました。主人公は熱意は人一倍ですが、行動がいまいち伴っていない印象があり、あまり好感が持てませんでした。二重の意味でヒロインに救われている物語だと感じます。中でも、メインヒロインの醸し出す雰囲気と安定感がとても面白かったです。文章は割と読みやすかったのですが、誰の台詞か分かりにくい場面があって、そこだけ気になりました。続きも読みます。"
"2015/02/25","トマトクン","false","アニメ０話で困惑し、流れで１話２話と見て、これは面白いなと思い気づけば原作にも手を出しておりました。いやはや、加藤恵の冴えなさは文字にしても変わらないのですね。読んでみた感想は、アニメと原作の違いが多くあり、どちらともとても面白いので、楽しみながら読めました。"
"2015/02/24","けーた","false","PCゲームでの丸戸史明さんの大ファンでした。 ラノベでも相変わらず面白いですね！！ ときめもネタが存分に書かれていますが、今の中学生とかには分からないでしょうｗ キャラも誰もが魅力的で深崎さんの絵も素晴らしい。"
"2015/02/23","D","false","テレビを見て、原作への流れです。相変わらず影響されやすい自分。現実の偶然起きた出来事から理想を追い求めることになる主人公たち。普通で目立たないことが逆に個性になるのは面白い。"
"2015/02/22","えりむ","false","アニメみて原作読みたくなった派ですが、やはり原作の方が細かく表現されていて楽しめました。"
"2015/02/20","Cidenon","false","アニメが面白いので購入。でも情景描写は少ないし、誰がしゃべってるのかもよくわからない。ノベルゲームだと立ち絵も背景もCGもあるからこんな文章になるのだろう。まぁ、ストーリーを読むのがラノベだから、とりあえず続きを。"
"2015/02/19","もみっち☆","false","この全力の「どこかで見たことある感」ネタは八割ときメモのせいでしょうか。普通に可愛いのにステルス性能が高過ぎるメインヒロイン(仮)の加藤恵とステータスそのものは高いのに三次に興味のない健全系オタク主人公の安芸倫也のさしてドキドキもしないボーイミーツガール。アニメとの差異は原作の方がヒロインが感情を感じさせるところ。アニメの超絶フラットな立ち絵の無さそうな恵ちゃんもいいですが、ギャルゲーヒロインのファンディスクらへんでようやくヒロイン張れそうな恵ちゃんもいいですね"
"2015/02/17","まつ@小説家志望","false","アニメがおもしろかったので。頼むから地の文をもっとください…。状況全くわからないときがおおすぎる。会話のテンポはいいけど、ときどきだれの台詞かわからない。勢いが空回りしすぎてる。作者が元シナリオの人だから会話だけで盛り上がれるって過信しすぎてる。まあアニメに劣らず、加藤がかわいかったから2巻買うかもしれない。"
"2015/02/15","C.Y.プー","true","原作を全て読んで改めて感想を言うと、この構成でアニメに起こしても十分面白かったとは思う。強いて言うなら、いい意味でも悪い意味でもシナリオライター色は出ていたと思う。キャラの会話が続くと状況説明、心理描写が少なめになったりと、読者の想像に委ねる部分が多かった。その一方、倫也一人だと倫也視点で書いているというのもあり、心理描写(独り言？)が多めになったりと、両方に行ったり来たりしていた。"
"2015/02/15","リョウスケ2k3","false","★★★★☆表紙絵の子がメインヒロインだとばかり思ってました。いやメインの一人なんですけど、 うーむ！？ストーリーは始まったばかりなので何がどうなるのか全くわからない状況。White Album2等ゲームの名シナリオを生み出している作者さんなので続刊にも期待しています。"
"2015/02/11","とめこ","false","最新刊の表紙に惹かれ購入。面白かったです。時系列がよく分からない所があって読みにくかったけど、それを過ぎればキャラ同士のやり取りも面白いし、ヒロインもかわいいのでサクサク読めました。ギャルゲーの小ネタには思わず笑ってしまった・・・音楽用語は反則。ヒロインだとやっぱり加藤が好きです。フラットな所が逆に新鮮でかわいいですね。ラストのやり取りが良かったです。あと予想以上に詩羽先輩が邪悪かわいいので、先輩メインの巻を読むのが楽しみになりました。早く続き買おう。"
"2015/02/09","あけ","false","★★★☆☆ アニメ化されて面白かったので、原作も見てみました。Amazonの星通りくらいの面白さだと思います。面白いんだけど、何か物足りない感じ。でも、各キャラが立ってるだけに今後が気になります！"
"2015/02/08","ヨシカズさん","false","今やってるアニメと大分違いますね。 霞ヶ丘先輩のかわいい台詞が沢山あるんで、個人的に至極嬉しい。"
"2015/02/07","ハマー","false","アニメを見て読むことを決めました。一気に７巻まで読みました。 1～6がいくら面白くなくても、7巻までは読むことをお勧めします。 どんでん返しだから"
"2015/02/07","える","false","非常に読みにくかった。一行一行改行されてて、完全にエロゲのシナリオの書き方で書かれているので、絵がないと正直辛い。突然場面変わっても描写説明ないし、誰と誰が話してるのかが提示されないので理解しにくいし、主人公がオタ全開過ぎて、よく分からない会話になってしまっているので、内容が全然頭に入って来なかった。アニメ見てるからどうにかなったけど……。個性的なキャラが多いし、活動もスタートするみたいなので今後が楽しみではありますが、もうちょっとまともな文書になってくれると助かります。"
"2015/02/06","半熟タマゴ","false","アニメを見たら読みたくなってきたので。１巻読んで止まってたから２巻読む前に復習。うん、やっぱり加藤さん可愛い。アニメの方も面白いけど、話をカットしたり場面を変えている所が結構多くて勿体ないなーって思ってしまう。尺の都合上仕方がないのだろうけれど。"
"2015/02/05","冴えない男の育てられ方","false","アニメが始まったので再読。 著者がもともとエロゲーライターなこともあって、若干まだ小説の書き方に試行錯誤している感じでセリフ多め。 改めて加藤恵というキャラクターは非常に魅力的。何を考えてるのか想像するのが難しいというか、断定できないからこそどこかふわふわしてて、不安もあるけどドキドキもあったりで。 アニメの方はうまくイベント拾ってつなげて、良い感じに再構成してる印象です。 ただ最後のシーン結構変えてるよね。 あと倫理くんの語りが所々ゲスい。 アニメで興味持った人は、原作との違いもまた楽しめると思います。"
"2015/02/04","sskitto0504","false","アニメ見て面白そうだったので。なかなか加藤さんのキャラが新しくていいですね。アニメよりも原作が良いと言っていた友人の言うとおりでした。"
"2015/02/04","シエステれびどお","false","加藤かわいい。冴えないままでいて欲しい"
"2015/02/04","ウラー","false","★★★★☆アニメ検証のため再読。何度読んでもこのヒロイン(加藤)は新しい。会話文に加藤のセリフを混ぜる技法がうまい。これがいいんだよな。アニメ0話の温泉回スタートには不安にさせられたが、その後の構成はなかなか良くできていた。読み返して改めてそう思った"
"2015/02/03","藤咲かんな","false","ラノベ世代って大体中学生～大学生くらいだと思うのだけれども、パロディネタなどからもう少し対象年齢は上なのではと思ったりする。絵とか雰囲気はラノベ＜アニメ＜マンガ(原作準拠版)になるのかも。いい子過ぎて逆に残念っていう加藤のキャラは個人的にすごく好き。ロールプレイの辺りとか安芸君の妄想部分とか加藤に萌えた人はたくさんいるはず。"
"2015/02/02","JUNPEI","false","”冴えない彼女の育てかた、一” アニメ＆漫画から。アニメはちょこっと内容変えてんのね。冴えないヒロイン、加藤恵（冴えないヒロインなのか…？）を安芸倫也が最高のヒロインにする物語。いわば同人活動をするという、コンセプトが今まで読んできた作品と違って、とても新鮮でした。展開もテンポ良く、それでいて内容が濃いからスラスラ読めましたね。キャラ同士のかけあいも良かったです。最後のシーンは不覚にも胸がキュンキュン（本文から引用）してしまいましたｗ。次巻からは本格的にサークル活動をするのでしょうか。続きが楽しみです。"
"2015/02/01","nais","false","アニメで加藤が可愛かったので。細部が違っててこちらも楽しめました。"
"2015/01/29","kamachan","true","ものすごいクリエイターがこんなに近くにいるなんて…！？加藤ちゃん完全にメインヒロイン…だね…？澤村さんと先輩とも何か昔あったようだけど、それは明らかになるのか果たして…。"
"2015/01/28","ケイスケ","false","アニメでは飛ばされている部分等楽しめたのでよかった。絵はアニメの方が好きだけど内容はこっちの方がいいかなぁ"
"2015/01/28","しんたくろー","false","状況の変化に乏しく、新しい概念の認識を読者に与えるわけでもなく、日常会話を会話を淡々と進めていく本作品。ドキドキすることも萌えることもなく、無い無い尽くしで「あれっもう終わりか！」という驚きが一番印象に残ってしまった。 面白いと思ったのは文章が小説的ではなく、会話ひと通りの流れのあとで言葉の説明やツッコミを入れるところ。 小説なら言葉の後すぐになんかしらの説明など入るけれど、映像作品のように区切りまで会話を継続するというノベルゲーム的文体。 作者の小説慣れしてないところが初々しくて良い。"
"2015/01/26","おかず台","true","アニメ化したので再読。　最新刊の7巻まで読んだ後で読むと色々新発見。　安芸がこの時点では全く企画を作れなかったのも作者の狙い通りなんだけど、それでも最後の最後でちゃんと最低限の見る目は発揮してるんだよなぁ。そして作りたかった作品も、この時点では(素の加藤に萌える前だから)7巻での物とはちょっと違うけど、本来の形はこうだった、と言うのが分かる。"
"2015/01/25","なつこんぶ","false","今までに読んだことがないストーリー展開の物語は、意外性が高くて面白かったです。主人公がヲタなのも良かったのですが、一番はやっぱり加藤さんの存在。見たこともないヒロインに、とても惹かれました。加藤さん大好きです。 主人公と英梨々、詩羽の馴れ初めも気になる……。これからどうなっていくのか期待です。"
"2015/01/25","tonkatudon","false","普通の女の子というには、異常に付き合いがいい以外には特徴のないヒロインの話と言う事で、アニメを見た後気になって読んで見ました。 アニメはかなり脚本がテンポよくまとまっており、ラノベの表現との対比もかなり面白いです。 いわゆる残念系という、メインヒロインを薄めにして、サブのヒロインを特徴深く書く、構成を全面に出す手法はなかなかおもしろいです。"
"2015/01/24","ユミエス","false","アニメから。主人公が思ったよりも鬱陶しいのはさておき、ヒロインが魅力的なんで終始楽しく読めました。イラストも美麗。加藤のモチベーションだとか気持ちがさっぱりわからないので、加藤の一人称が見てみたくもある。"
"2015/01/20","ブレイブ星人","false","なんというか、終始どうでもいい。お客さんではないからだろう。"
"2015/01/18","雪／うれあ","false","楽しかったです。恵の何気無い会話には全然なんとも感じなかったのに最後のこっぱずかしいシーンで一気にやられたあたり主人公に感情移入させるのがうまいなあと。あと報われない系ヒロイン大好きだからたのしみだぞ……！"
"2015/01/17","asa","false","読了。"
"2015/01/16","春紫苑","false","アニメから。ヒロインを構成する上で必要なキャラ立てを一切排除した上で何が必要なのかを焦点に当て、それと対照的なテンプレ的ヒロインとで構成したサークル、その中での同人活動劇。プロローグにあたる話だけど、掛け合いのテンポの良さ、読んでで楽しいパロディネタで飽きさせない文章はさすがギャルゲー畑の作家と言った所。"
"2015/01/15","little litre","false","同人ゲーム製作をテーマに据えた青春ラブコメもの。バイタリティ溢れすぎてる主人公、メインヒロインなのに凄くさらっとしている恵、そして恵と違って完璧なまでにテンプレな２人のヒロイン。個人的には恵と対照的な人物が２人いることがとてもバランス良く感じる。 この巻は以降のための伏線を張ることに注力している印象。それでも軽妙な掛け合いと随所に盛り込まれたパロディネタで読者を飽きさせない。ルビの振り方が卑怯ですよ……　 何もないのに面白いってのはすごいなあと思った作品でした。"
"2015/01/12","征ちゃん","false","アニメが始まったので復習の為に再読。特に大きな山場という山場は無い完璧な土台作りのプロローグではあるが、テンポの良い掛け合いの中にきっちりと仕込まれている伏線の数々。第1部完結の7巻まで読んであるからこそまた違った視点と新鮮さで楽しめる1巻。流石は丸戸先生だなと言わざるをえないこの感じ。書き方や癖がまだ残っているのも新鮮で、随分とラノベにこなれたなぁと。7巻読了後もブレず詩羽先輩推しではあるが、株が上がった状態で読む最後の恵はとても可愛く思えました。"
"2015/01/11","ヨーク","false","面白かった。読みやすい文章は会話を引き立たせ、淡々としている日常とネットスラングをパロった感じの文を合わせてリズムをつけさせる工夫が見られたが、さらっと読めてしまう展開はやや単調にも思えてしまった。ただ、そこに本来のヒロインの在り方を問うテーマがあったり終盤にかけての展開は一度読むのを止めて考えさせる内容で評価が一転する。加藤恵のキャラに萌えれば勝ち。"
"2015/01/10","ソラ","false","アニメが始まるということで読み始めた作品。つかみは良い感じ。ヒロインの加藤恵が薄味だけれども、個人的にはこんなゆるーい感じは割と好きかも。"
"2015/01/10","まこ","false","同人ゲーム製作あるあるラブコメ。エロゲ畑の作者らしく、ゲーム製作に関するネタは個人的に壺。コメディ部分のやり取りも、エロゲの日常パートを彷彿とさせる掛け合い。ワンパターンな感じが否めず、今後ネタが続くのか？という不安はある。20台中盤以上のギャルゲオタもしくはゲーム製作に少しでも関わったことのある人に薦めたい一品。"
"2015/01/06","のーす","false","特に大きな山場はなく今回はキャラ見せと話の大筋だけ。ヒロイン２名のキャラクターが強烈な分、加藤恵がどうヒロインとして成長していくか、楽しみな作品。"
"2015/01/06","駒薙","false","加藤さん表紙にも出れないのか……。ていうか合ってるよね？加藤さんで？マジでそれくらい冴えないっていうか、印象がない。個人的にはなかなか面白かったかな。"
"2015/01/02","kei-os","false","アニメ開始前に。所々で文章が読みにくい気がしたのは自分だけか。英梨々と詩羽がどこかで見た気がするのに対して恵はあまり見たことのないタイプのキャラ。次巻以降どうデレるのかそれとも。"
"2014/12/29","でん","false","……？？"
"2014/12/27","もち","false","年末用として購入していて、アニメ化もするということでさっそく読んでみました。掛け合いがテンポ良くて面白かったし、加藤さんの最後の行動がよかったです。詩羽さんを茅野愛衣さんが演じるようなので、非常に楽しみな作品の1つです。何気にアニメよりも読む作品はこれが初めてなので、新しいアニメの見方にもなるかもしれません。"
"2014/12/22","kurumi@ペースダウン中","false","アニメ化するということで試しに読んでみました。声優さんが決まり、頭にＣＶ付きで台詞が入ってきて面白かったです。各メインキャラそれぞれ濃いなと。（もちろん、恵も）１巻では恋愛色がそんなに（？）無いように感じましたが、丸戸さんなのでどんな展開になるのか今から楽しみ。２巻以降も購入してみます。"
"2014/12/22","るか","false","１部が終わったので再読。７巻まで読み終わってから読んだ事で当時は何気なかったことでもちゃんと伏線になっているものがあり凄いなと思いました。当初読んだときは詩羽推しだったのですが恵推しに変わったので再読でも新鮮な感じで読めました。今となってはこのチョロいフルフラット恵ですらかわいく思えてくるから不思議なものです。そして英梨々と詩羽の感情も全て読んでから見てみると面白いと思いました。"
"2014/12/15","ミストルティン","false","ファンタジア大感謝祭にて、注目されており、以前購入していたのを思い出し読了。何故もっと早く読まなかったのかと後悔した。登場人物たちが良かった。内容は特別新しいところもなかったように思えたが、安芸と加藤の掛け合いの流れが面白かった。"
"2014/12/08","Mu","false","なんだろう、もうひとつ印象に残るものがない感じだな。そのコミカルでテンポのいい会話は楽しいし、オタク的発想を自虐的に笑いに持って行くやり方も悪くない。問題はそれこそヒロインにもう一つ魅力がないことだろう。この題材ならやっぱりヒロインが魅力的に変わっていく様を見たいと思う。でも、それ以前のところで立ち止まっている感じ。ラストの展開も微妙。主人公がせっかく発奮したのにヒロイン側からかぶせるのではなんかしっくりこない。なんだか必要な過程をすっ飛ばした印象だ。そう言う意味では次巻以降に期待なのかもしれないな。"
"2014/12/07","ksk","false","実に懐かしきエロゲテキスト読んでる感覚。ギリギリ読み難くはなってないレベルだが、小説としては物足りない（立ち絵は脳内に浮かぶから耐えられる）。話は導入もいいところなので、まだなんとも。ただ、ラブコメ好きでも過剰にオタクネタに走っていくような内容はちょっと苦手なんだよなあ。"
"2014/11/30","kodamatsukimi","false","手慣れた書き様で上手くできているが 一冊に盛り込む量は ライトノベルとしてはふつうかもしれないが あまりに物足りない 中高生向けとはそういうことなのか そんなことないんでないの"
"2014/11/25","レイニ","false","続巻を購入しようか非常に悩む。作者買いだったのだが、最初の23ページでどうしたものかと頭を抱えた。結局そこそこ楽しんで読了したわけだが……。なんというか、いかにもラノベといった作品。登場ヒロインは3人とも可愛かったのだが、ストーリーからしてキャラクター以外何も無いという印象を抱いた。私が求めていたのが30禁なので仕方ないと言えば仕方ないのだが、つまりは丸戸の強みが2巻以降このストーリーでどこまで活かされるのだろうか、1巻を読んでの感想はこれに尽きる。敢えて言うならば星3つだ。"
"2014/11/20","あかねさす西郷@やがてデブになる@そうはならんやろ@なっとるやろがい!","false","「2巻の表紙の黒髪ロング美人は誰!? 」ということで1巻から読了。てっきり、表紙の金髪ツインテの娘が正ヒロインかと思ったのですが。読み終えて思ったのは「ふーむ(´・ω・｀)」といった感じのもやもやでした。美少女ゲームの中に入り込んだような感じというか…。もうちょっと美少女ゲームに造詣が深ければ楽しめたのかもしれませんが。とはいえ、加藤さんは可愛かったです。英梨々と詩羽という強烈な個性に囲まれているがゆえに、逆に個性が際立っていたようにも思います。とりあえず、アニメが始まるまでに2巻までは読みたいです。"
"2014/11/19","koukai","false","加藤さん普通にかわいい"
"2014/11/15","Sunstone","false","地味も三拍子揃えば萌えるというのに…加藤はそこそこ可愛いが、キャラが立っておらず存在感がない。普通嫌がるところでも軽く流してフラットに付き合ってくれる凄くいい娘だが、そこにはギャルゲ的ドキドキが介在しない。倫也は春先の加藤との運命的出会いと再会を再現すべく、彼女がヒロインのゲームを作ろうと考える。同人ゲームを作る過程で起きる小恥ずかしい感じがあるある過ぎて笑え…辛いな…。ところで、表紙が加藤じゃないのは、キャラが立たないようにする防衛策なのか？しかし、加藤って他にはない感じのキャラで普通に萌えるのだが…。"
"2014/11/12","しまりん","false","イマイチよく分からないままで終わってしまった感あり。メタなワードが分からないのも辛いのかな。もう１巻だけ様子見で。"
"2014/11/04","ふすま","false","※表紙の娘はメインヒロインではありません。主人公はアスペって奴なのか？空気が読めなさ過ぎて正直気持ち悪いぞ。ヒロインは警戒感無さ過ぎて心配になる。ヒロインもそうだが天才二人もそうとうチョロインだと思うが…。あとセリフが多すぎて誰がしゃべってるのかわかりにくかった。"
"2014/10/31","デフォー","false","エロゲ経験がなくても楽しめました。ヒロイン3人の中でも恵が読んでて面白いです。付き合い良すぎでしょう"
"2014/10/19","風見鶏","false","パロディとか伏せ字にされるワードがまったく何のことなのか分からないのに笑えたし面白かった。メタラノベ最近流行っているのだろうか。散々ぼこすか言われる加藤さんだけど、わりと始めの方で言う『わたしってゲームのキャラ以下だったんだ』の何気ないひと言はこのキャラにしか言えないからもうキャラ立ちしてると思う。ほとんど会話ばかりで描写も少ないからすぐに読み終わる。でも絵があるしラノベだしそれでいいはず。読者は絶対にぐだぐだで無駄な描写読むよりキャラの掛け合いを楽しみにしているし、その点この作者は分かっていると思った。"
"2014/10/15","Misa","false","ディープなオタクワールド。オタク主人公。そんなネタ満載。そして、主人公は虫酸がはしるクズっぷり。話を通して何か解決したかというわけではなく、始まったばっかり。っていう、最初は何かハズレを引いたかと思ったのだけど、思いのほか恵の存在に助けられて、最終的にはあ、なんか良かった的な感じで読み終えられた。ネットネタとかギャルゲーネタとか多少知っていないとこれは辛いかも…。個人的にはそこそこ楽しめたので次巻も読んでみることに。"
"2014/10/06","ほしみ","false","最後の演技シーンまででプロローグ、でOPが流れる……みたいな感じ。"
"2014/10/05","はつかねずみ","false","加藤さんマジチョロイン……ってわけでもないよなあ、これ。　消費型オタの主人公がゲームを作るためヒロインたちを巻き込む話、という感じか。　エロゲ・ギャルゲに長く親しんでいるほど面白く感じると思う。　加藤さんはフラグブレイカーっぷりは凄いけど、ヒロインとしては別に足りないというわけでもないよなあ、と思いながら読んでいたので、最後の返しは非常に良かった。　しかし、警戒心に関しては足りなさすぎだろう、とちょっと不安になるレベルだこれ。　そして、3人の立ち位置がこれからどう動くのかはとても楽しみ。"
"2014/10/02","志陽","false","友達に薦められて読んでみた。 最初はあまり理解できなかったけど読み進めていくととても面白い。恵ちゃんがどストライク。"
"2014/10/02","ステファ","false","ネットスラングを拗らせているように書いているあたりが、個人的には好きだったのですが、これを拗らせてない側が見るとネタも意味もわからずに全く面白くないんじゃないのだろうか？と思った。"
"2014/09/30","やぎ","false","一年くらい前に買って数ページ程読んでそのまま放置しててアニメ化を知り久しぶりに手にとって読んでみたら一気に読んでしまった。加藤さんのちょろさと警戒心のなさは読んでて軽く笑いました。最後に急に面白げな感じになったので次巻以降も読んでみようかと。"
"2014/09/17","kasagumo","false","倫理君のセリフには胸が痛みますネ"
"2014/09/14","なぎのこ","false","ちょっと工夫するだけで萌えんじゃん、ってあなた何様？主人公がただのクズオタクで寒気がしました。久々にここまで不快な主人公に出会った気がする。加藤さんはそのままの姿が一番可愛かったですよ。彼女がいたから最後まで読めました。"
"2014/09/04","リース☆チルノ☆","false","アニメ化が決まった＋イラストが深崎暮人氏という事で気になったので購読してみました。主人公、ヒロイン共に何かしら残念な点があるところもまた良い感じにキャラが引き出ていると思う。"
"2014/08/26","てぃんくるかけそば","false","アニメ化決まったということで手を出してみた．丸戸史明×深崎暮人って豪華，という第一印象(でも特に丸戸史明に思い入れはない)だったが読んでみるとどんどん引き込まれてしまいあっという間に一巻終了．麻枝准といいこの方といいギャルゲ畑の方は小ネタの挟み方が本当に上手い．主人公のオタク描写もツボを押さえつつ嫌味がなく好感が持てる．全編コメディを中心に物語は進行するが，ラストにはしっかり落とし所を入れてくる辺り構成の巧みさに唸るばかり．"
"2014/08/24","すかわら","false","ゲーム制作メンバー決定までのお話。読みやすさとキャラ立ちが大きな長所。特にひっかかるところがないのが短所といえばそうだし、また情景描写や動作の描写、状況描写が平均的なラノベと比べても少ない。が、本当にいい意味で気楽に読める長所の裏返しといえる。 繰り返すが、読みやすく、またキャラがよく立っていたのは大きかった"
"2014/08/08","たなか","false","セリフで攻めてきます笑　これからどうデレるのか、展開が読めません！"
"2014/08/07","めあ～♪","false","再読。 改めて読むと結構忘れてる事あるなー。"
"2014/07/31","ありす。","true","ゲーム（ギャルゲ）を作りたい主人公が同人で大活躍の学園アイドル？と学園1頭脳派のラノベ作家を勧誘しながらヒロイン予定の特徴がない子と過ごすお話。知ってたら分かるエロゲのネタ？というか話があった。内容的にはさらっと読める感じ。さかのさ才能ゼロ主人公でびっくり"
"2014/07/12","通行止め","false","面白かった。特徴ない普通の女の子もイイね。しかし誘われてホイホイついて行っちゃう加藤さんの警戒心のなさも結構個性なんじゃない？とも思ったり。"
"2014/07/11","なか☆たく","false","ヒロインが存在感の薄い(無い？)という、その設定が面白そうなので読んでみた。 まだ1巻だからか、話としてはこれから面白くなっていきそうな感じで終了している…のだが、問題は文章。なんか読みにくい… 文章が頭に入ってこない… 誰の台詞かわからない… 私の読解力が足りないだけかもしれないし、そうでないかもしれないので、判断は読んだ方にお任せします。 設定が面白いだけに、ちょっと残念でした。。。"
"2014/07/03","ななみん","false","最後まで読んだが、面白いかどうかはよくわからない。最後の最後で、面白くなるかもって思ったので次もとりあえず買ってみることにする。"
"2014/06/30","onizori","true","そんな振られ方があるんだな、と新鮮な気持ちになりました。と同時に私も同じような過去があった事を思い出しました。あれは振られたんだな、と。新しい形の恋愛小説、私は好きです。"
"2014/06/25","Snowy Yuki","true","一度目の出会いからリベンジまで。加藤さんにはとても親近感をおぼえる。まぁ私もそこそこオタクなので主人公の行動などある程度理解できるのだが、主人公のオタク度がディープすぎるので、分からない用語がちょっと多かった。まぁ読み進むには問題なかったけれど。まだ面白いのかどうかわからない。ようやく始まったかなみたいな感じ。"
"2014/06/18","sakopy","false","今の選択の結果どうなるかは、もう少ししてみないと解らない。何とかしてみたいと言って来たのだから、出来る限りのことで協力してあげたい。よかったのかな。私の気持ちには気付いてくれてないのかな。演じてしまっているのかな。"
"2014/06/10","まるぼろ","false","新聞配達のバイト中に一目惚れしたけどその存在感のなさ…安心感にときめくことが出来なかった安芸倫也がその彼女…加藤恵を萌えっ娘にして同時に同人ゲームにして儲けようとするお話です。感想ですが…、うん、私も流石に今時ときメモは古いと感じざるを得ませんでした…ｗ それ以外の安芸が抱き抱えに使った企画書のゲームも…ｗ でも作品自体はちょっと安芸が独りよがりな部分があったけど別に嫌いになるほどの主人公でもないし他のキャラも個性的で魅力的で十分好感が持てました。今巻は顔見せ的な序章みたいな物だったので次巻も読みます。"
"2014/06/09","k-p","false","初版購入から約2年を経ての読了ととてもじゃないが信者とは呼べないくらいのだらしなさだけど、とても丸戸史明でした。／amazonレビューを眺めたんだけど、なんというかラノベ読みからすると典型的な「ゲームライターが書いた描写の物足りないラノベ」という評価なのだなあ、と。／あと、どうでもよいけど倫理くんの脳内ボイスは完全に水島大宙で再生されておりました。"
"2014/06/09","サエズリ割津","false","タイトル通り冴えない地味系ヒロイン物語。加藤さんみたいなキャラはあんまり（というかほとんど）いないのでとても新鮮だった。雰囲気とか描写とかが結構好み。続巻も楽しみ。"
"2014/06/07","ちとせ","false","アニメ化決定ということで読書。なんでも作者はエロゲーのシナリオライターが本職とのこと。しかもかなりの売れっ子。なるほど。あらゆる意味で納得した。物語はゲーム制作を題材としているだけあって、本職の知識と経験が存分に活かされておりネタ満載。魂の叫びにも似た説得力があっておもしろかった。文章はというと、そのまんまギャルゲーをラノベに落とし込んできたようなもの。セリフばかりで話が進み、主語が誰だかわからなくなることがたびたびある。キャラと背景グラフィックがほしいと強く思った。まるでギャルゲーを遊んだ気分。"
"2014/06/06","みかこ","true","業界ネタが面白かった。まだ序章だからか、恵の徹底した地味っぷりにはびっくりした。まさか表紙すらとれないとは･･･。でも、ラストでメインヒロインの片鱗のようなものをみせてくれたので期待している。"
"2014/06/02","壮年ブタ野郎は熟女先輩のAVをみない","false","うーん、シリーズ化しているので、そこそこのクオリティはあるのかと予想していたが、小説としてはそれこそ同人誌レベルじゃないかと。ギャルゲーマーにはツボを突くところがあるのでしょうか？ よく見ると可愛くて、目立たないけどノリは良いとなると、競争率が低くて格好の穴狙いだと思うのですが・・・"
"2014/05/20","リーフ","false","★★★☆☆"
"2014/05/20","夢にまで見たから揚げ","false","売れっ子シナリオライターと聞いてたが文章がひどい。その場に誰がいるのかわからない場面が多々あるし、独白なのか回想なのか普通の地の文なのかも不明な箇所があって、？？？と読み返すことがしばしば。あと、「〜なわけで」という書き方が頻出するが、このレーベルのラブコメ小説の作法なんかな。同じレーベルの別作家でもすごく目についた。あと、体言止めの多用も安っぽい。地味ヒロインの行動原理もよくわからんが、この小説がどんな読者に向けられているかだけは明確にわかる。多分、それがとても大事なことなのだろう。"
"2014/05/17","棲卦辺慈威汰","false","同じ作品について語る相手がいることのなんと幸せなことか・・・全くですね・・・。詩羽先輩がとってもコケティッシュであふれ出るリビドーを抑えれません。"
"2014/05/16","スイムスイム","false","薦められた形で読みました。会話文が多すぎて、逆にちょっと疲れちゃいました。個人的には好きになれないかも。でも、前半の掛け合いを後半で脳内変換するシーンは好きです。あ、私は逆に冴えない加藤さんのほうが好感が持てる気がします。"
"2014/05/07","ふうら","false","登録してなかったけど再読。やっぱ自分にはちょっと合ってない感があった。最後の件はとてもよかったがそれに至るまでが長かった感がある。エロゲーライターだからかギャルゲー制作について書いてあり制作側についてもいろいろ知れた"
"2014/04/29","サルサ","false","会話劇が軽快でよかった。話はまだ動き始めたばかりなのでなんとも言えないけれど、これから面白くなって行きそう。個人的にお気に入りなのは詩羽先輩。"
"2014/04/29","ビター","false","冴えないというか冴えないという属性を無理矢理持たせられたというか。テンプレなキャラであるその他ヒロインの方がよっぽど……その辺がラノベがラノベであるってことなんだろうけど。イラストで釣られた奴、無能。"
"2014/04/26","おるにと","false","六巻を読む前におさらいしようと思い、再読。 一番最後のえりりんのセリフが何故かすき。"
"2014/04/26","ぶた","false","冴えない彼女というものにどこかデジャヴを感じていたのだがようやくその理由が分かった。「いまいち萌えない娘」ってやつだ。個性がないのが個性、可愛すぎると違う気がする。だけど可愛さが欲しい。そんな冴えない彼女を文字通りギャルゲーのヒロインに相応しいキャラとしてプロデュースするメインヒロイン育成コメディ！ メインヒロインの設定を珍しい設定と思うか、珍しい設定なだけと思うかが重要かもしれない。なんてね！ 萌えないことが如何に致命的か分かる、だがそこが良い。そこに良さがあるんだよ････！！"
"2014/04/26","N64","false","読んだー。いや、割と面白かった、と思う。割とすらーっと読めた。しかし、アレだ。あとがきに書いてある通り、ときめものネタ多いのかしら。まったくわかんなかった"
"2014/04/24","セニー","false","なかなかに珍しいヒロイン設定で薄い系女子いいですね！そしてこの作品富士見のラブコメやってるなぁ、、、やっぱり富士見のラブコメはほかとはちょっと毛色が違うよね"
"2014/04/22","まろにえ","false","【再読】丸戸信者なので感想に偏り有り？ｗ　何の才能もない消費型オタクの主人公が、運命の女の子に出会い『同人ゲーム』を作ろうとするも、運命の女の子は話してみると冴えない残念女子だった。ゲームシナリオライターの丸戸さんだけあってパソゲーのネタは満載で、お馴染みの日常会話のコミカルさも健在。だが主人公は歴代の丸戸作品の中で一番のダメっぷりで、やってる事は同人ゴロなのが残念ｗ　逆に主人公がどう成長してくれるのかが楽しみ。メインヒロインの『加藤』が何とも冴えない上に、サブヒロインの英梨々と詩羽のヒロイン力が高く　→"
"2014/04/19","GU","false","ストレートなラノベが読みたくて購入。会話のテンポというか、キャラ同士の掛け合いが面白く、読みやすくていいです。いろいろ散りばめられてる、制作とかに関連するネタもいいです。主人公はじめ、まわりが中々のキャラっていうのもあるけど、ヒロインもいいんじゃないでしょうか？まあ、扱いはヒロインっぽくないですが。最初ということで、まだまだ導入部な感じ。次巻から制作に入っていくんでしょうか。"
"2014/04/08","IntheSecond","false","ゲーム作成の裏側がいろいろと垣間見えた作品でした。"
"2014/04/03","すとりん","true","先にコミカライズを読んだので、「マンガで読んだ通り」だった。この巻はこの先へつなげるプロローグだと思った。最後のくだり(恵が演技するところ)はなかなか感動的で良かった。なんだかんだいってプロジェクトが走りだしているので倫也の人選は間違ってはいない…？ 私自身ラノベは最後まで読む機会が少ないが、地の文もしゃべり言葉もとても読みやすいので読了できた。"
"2014/03/27","kei","false","なんかなじみのある文章だなーと思ったら、エロゲのライターさんじゃまいか（笑）会話主体になってるわけですよ。文章自体は全然しっかりしてるしやるな。中身はメインヒロインさんの扱いがなかなか酷いな、そして見事に萌えないキャラになってるねぇ…。本当にこう、来ない感じがすげぇ。"
"2014/03/13","おきぬこ","true","一応頑張ってみたらしいけどやっぱりネタの対象年齢が高いですねー！ちゃんと嫁と彼女の区別をつけた上でのタイトルなんですね。付いていきます。私も北海道土産のリクエストはバターサンドです"
"2014/03/03","ケー太郎","false","丸戸作品はほとんどプレイした事ないので何とも言えないけど、キャラの掛け合いがとても良かった。メインヒロインなのに1巻の表紙飾れなかったり、見切れてたりと扱いひどいけど、加藤さん結構キャラ立ってると思うよ？フラット表情がツボ。"
"2014/02/16","フェムト","false","全く目立たないヒロイン(主人公がラノベっぽい発言してもスルー、主人公とそれっぽい雰囲気になってもサブヒロインからスルー)を目立たせようと、ゲーム制作サークルを立ち上げる話"
"2014/02/14","K・J","false","ライトノベル新人賞受賞作って感じだった。小粒感。ただ、この工夫や小粒感がむずかしいんだよな。"
"2014/01/27","ぎがす","false","エロゲ脳により理想化された初恋の相手。その実際の姿を目の当たりにして勝手に失恋した主人公がその初恋の相手、加藤恵をヒロインのモデルとしたエロゲを制作することを決める。実は見れば見るほど普通な彼女を二次元世界の中で最初に出会った時のような姿にしていくという自分本位な主人公とそれにホイホイついていってしまうちょろい恵さんとの掛け合いが楽しく、とてもテンポ良く読めた。ただ後半にかけて登場人物が増えてくると途端に読みづらくなる。主語が足りないような印象があった。まぁライターの癖みたいなもんなんですかね。"
"2014/01/26","たかへ～","false","作者のファンのため、購入。特に変わり映えしない良くも悪くも今風のラノベ。もっともメインヒロインが変わっていたり、業界ネタが満載だったのがよかった。安易なパロディいネタではなく作者の実体験感からくるものなのでとても好感が持てる。"
"2014/01/25","小麦茶","false","丸戸史明ラノベデビュー作。１巻でプロローグ。内容はいつもの丸戸で過去になにかあったヒロインと幼なじみと、ボーイミーツガール。メインヒロインより過去に何かあったヒロインの方が魅力的になのもいつも通りなので、今後の展開に期待。"
"2014/01/21","海見みみみ","false","エロゲ業界で有名な丸戸先生のラノベデビュー作です。 かなり評判の方だったので期待して読んだのですが、一巻目はいまいちだったというのが正直な印象です。 キャラクター紹介に枠を取りすぎたことと、物語が多重構造になっているためわかりづらいことが、このいまいちな感覚の原因かと推察します。 ただ二巻目からは面白くなると話を聞いているので、近々続きを手に取ってみようと思います。"
"2014/01/07","ZHONG","false","作者買い…してみたけど微妙。意図的にそういう文章にしてたと思いたいが異常に読み難い。視覚で内容を補えるゲームのライターやってくれた方がいい。存分に黒ストが拝めるだろうし"
"2014/01/02","ままる","true","「俺の作品の、ヒロインになってよ。」　なるほど、作者さんは18禁ゲームのシナリオライターさんと言うこともあって、テンポや話しの流れなどは、それに近しいものを感じますね。　ただ、所々、誰がしゃべっているのかわかりにくい部分もありましたが、内容的には面白かったです。　1巻ということで、まだ話は始まったばかりですが、加藤さんがヒロインな同人ゲームが完成すればいいですね。　それにしても、作中にときめきメモリアルのネタとか出てきて、なかなか懐かしかったですね。"
"2013/12/26","ジム","false","加藤さんの付き合いの良さには驚き。挿絵の英梨々が表情豊かでとてもかわいい。これから話がどう進むのか楽しみ。"
"2013/12/22","クロウ","false","最初はまあ普通かな……なんて思ってた。が、倫也が企画書を書き始めた後半のシーンから一気に引き込まれた。"
"2013/12/22","マッキー","false","作品としてはとても面白く、内容的には問題ないが、途中で誰が喋っているのかわからない所がいくつかあった。まあ面白かったから次巻も買うか！"
"2013/12/09","くろ","false","作者の本業からお察しだが、とてもギャルゲちっくで癖が有る。主人公のテンションからして、ギャルゲ離れして久しいとかなりキツイｗ 業界ネタ・擁護が満載なのも人を選ぶか。一番問題に感じたのは、地の文の弱さ。背景も立ち絵もBGMも無いのに、会話主体で場面を想像するのにも限界が有る。他のラノベと大差が有るとも思えないから、きっと些細な描写の不足でそう感じるんだろうけど。あ、ヒロインの立ち位置は面白い"
"2013/12/07","仔羊","false","ギャルゲ脳のオタクが春の坂道、風で帽子を手放した白いワンピの娘との出会いから始まるギャルゲ製作物語（その娘は普段は凄く地味でフラグを折る件）。最初は読みづらいのと思考がぶっ飛んでいたこと、また描写の少なさに戸惑ったが、慣れてしまえば結構面白い作品かなと思いました。1巻単体では人物紹介での導入部とあってどうしても無理に纏めた感じは諌めないかと。しかしそのなかでも演じた加藤は結果的にすごく可愛いかったから上手くやりこんだのは良かったです。ベタな秘密を持つ英梨々だけでも十分話作れるのに欲張ったな！（褒め言葉）"
"2013/12/06","noum_re","false","面白い。最後のシーンはかなり良かった。 ただ、シナリオライターだからなのか、３人以上が絡むと、たまに誰がしゃべっているのかわかりにくかったり。とりあえず、最新刊まで読んでしまおう。"
"2013/11/27","ｐｏｍｏｔａ","false","地味なメインヒロイン、というのが斬新でした。ヘビーなオタク主人公が、地味なヒロインと色々動き回るのが面白かったです。ラスト辺りの恵が可愛かったです。地味って奥深い…！"
"2013/11/25","深雪ましろ","false","もともとホームグラウンドが18禁PCゲームということもあり、新たな挑戦の一つとして書き下ろされた記念すべき一巻からネタ満載で個人的には、ものすごく楽しめた。"
"2013/11/22","小早川の婿","false","物語的にはまだ序章。でも導入としてはいいんじゃないでしょうか。会話のリズムがいい。ただやはりエロゲー畑の癖が抜けてない感はあるね。ラノベにはボイス、立ち絵、背景のような視覚、聴覚的な演出がないので、当然書き方は変えなければならないのだが。でもまぁ丸戸作品は話が進んでいくほど魅力が増していく、これからですよ"
"2013/11/22","若菜","false","丸戸作品。パルフェなど好きだから読んだけれど現時点ではイマイチ。何故そう感じるかは自分自身わかってない。丸戸作品が好きな同士曰く2巻以降面白くなるらしいからいずれ読もうかな"
"2013/11/21","きぬ","false","どっかから切り貼りして作ったような構造が悪い意味でラノベっぽい。安定感はある。話に関しては、まだ物語のプロローグといった具合で、すべては今後の展開次第。"
"2013/11/06","@わんだ。","false","一番好きなのは現在は加藤恵。"
"2013/10/12","Sleipnirie","false","１巻なのにメインヒロインを表紙に載せないというのは驚いたが、それもそのはずメインというにはモブ並にキャラが立ってないから。　アニメ・ギャルゲ大好きな主人公はとある出会いをきっかけに、その地味キャラ加藤恵をヒロインにしたギャルゲを作るため、加藤をヒロインにふさわしいキャラに育てる。１巻は序章みたいな感じ。あと作者がエロゲ畑の人だからか、文章がそれっぽい。絵とBGMが欲しくなる。前半はパロネタは多くて、ときおりオタ関連の創作や同人についてぶっちゃけていて、メタネタも結構言ってるのに反応して読み進めにくかった。"
"2013/10/08","はす","false","『これはちょっと････と思っていた作品ほど面白い』理論を信じて読んだ一冊。主人公が空気少女加藤恵をヒロインにしたギャルゲーを幼馴染みと先輩と作る話。今回はまさしく序章といったところの勧誘でしたね。とりあえず、読みにくさがあるもののキャラ同士の掛け合いが読んでいてとても面白く、心地良かった。キャラクター自体も個性的で魅力があっていいね。ストーリーはその魅力を最大限に発揮する舞台として好みではないけど良いんじゃないかな。次巻は本格始動か。楽しみだなぁ。"
"2013/10/07","faux-stendhalien","false","77点。ここ数年、エロゲ出身のライターが一般市場でも活躍している。『魔法少女まどか☆マギカ』の脚本担当・虚淵玄、『人類は衰退しました』の田中ロミオ等が先駆者。そしてこの丸戸史明である。丸戸は『この青空に約束を』など鬱やグロがない泣きゲー、18禁ながらエロを除けば全年齢的・全方向的に受けが良い作品を紡いできた実力派。そんな彼が描くのは、最高のギャルゲーを作ろうと決意した男子高校生の物語。実体験に裏打ちされたリアルな創作過程を見るようで微笑ましい。懐ゲーネタも多く、楽しくやがて少し切ないコメディ。"
"2013/10/07","カミジョー","true","物語の序章的な話。二巻から動き出すのだと思う。 作者はノベルゲームが専門で、これが初のラノベのため慣れてない感はある。けれど、ノベルゲームを書いていただけあって文章は読みやすい。 内容も本当に個性のないヒロインをモデルにギャルゲを作るという新鮮なもの。個性のない登場人物をメインにあえて据えると失敗することが多いが、この作品は成功できていると思う。 ギャルゲネタが多いためギャルゲをやってるまたは知ってる人の方が笑ってしまうところが多いと思う。逆に知らない人はついていけないかも。"
"2013/09/27","晦夢","false","現実の女の子をヒロインにするというなかなか面白い感じ。ヒロインは結構冴えてた気が…個人的に普通に可愛かった。ただ、ヒロイン的にはダメなんだろうね、フラグ立たないし。会話文と地の文で別々の話が同時進行したりするのが多かったのか、文書は少し読みにくく感じた。あとキャラが倫也と恵以外が薄かったな、いやまだ一巻だからこれからだろうけど。"
"2013/09/19","7MHz","false","見返しにある作者のコメントに共感。 ヒロインが地味で異色過ぎるとこが斬新。 ストーリーは読み難く会話が分かり難いのは自分だけ？ それでも引き込まれるのはどうしてでしょう。 やっぱりヒロインに萌えてるから？ とにかく次も読みたいです。"
"2013/09/17","Yobata","false","最高のギャルゲーを製作する事が夢のオタクの安芸倫也は、坂道で白い帽子が飛んだ白いワンピの少女とギャルゲーの如く出会う。自分が作るギャルゲーに相応しいストーリー,ヒロインだと確信する。再会を望む倫也の前にその少女が現れてくれるが全く劇的ではなく一ヶ月も一緒にいたクラスメイトだった。彼女は加藤恵、男女間の距離感がなくキャラ立ちが全くない萌えない女の子だった。この地味とも言えないモブ的な恵が逆にメインヒロインに相応しいと感じた倫也はプロデュースしてギャルゲーを製作するため、学校で一二を争う美少女・美術部の→"
"2013/09/16","シロ","false","丸戸さんのゲームは未プレイなのですが、作品の評判を聞いて読んでみました。序盤、セリフだけの場面など地の文なしの文章に違和感がありましたが読むにつれて気にならなくなりました。そして、やはり面白かったです。テンポがいいしキャラクターたちも魅力的。人間関係がどう変化するかも気になります。続きを早く買わねば。"
"2013/09/15","key","false","丸戸さんらしい文章だったと思います。エロゲでは各ヒロインごとにＥＤがありますけど、ラノベでは最終的に一人のヒロインとしかくっつかないと思うので、どのような結末になるのか続きが気になります。"
"2013/09/12","カシヤ","false","テンポよく読めるし、設定も魅力的だし、演技中の加藤が可愛いすぎる……のですが、描写がほとんどないところがなんとも。作者さんの経歴を見るに、ラノベでやる必要はあったのかなって、野暮ですけど考えちゃいますね。とはいえ、冴えない女子クラスメートその二がどうやってメインヒロインに育っていくのかが楽しみなので、次巻も読もうと思います。"
"2013/09/10","星屑","false","丸戸氏が脚本を担当してきたゲームをプレイしている人間だと、この作品を読んだ時にどこか安っぽいという印象を受けるのではないだろうか。恐らくそれがライトノベルという媒体故の欠点であり、また読み進めやすいという長所でもある。1巻だけでは作者が業界に対するアンチテーゼ的なことをしたかったのかなぁという印象しか残らなかった、取りあえず3巻くらいまで読んでみよう…"
"2013/09/10","たく＠ぼっち党員","false","評判のよさに購入。うん、面白い！一巻読み終わったら即、続刊をポチりましたよ。テンポがよく、久しぶりに時間を忘れて読める作品を見つけた。あらすじ読むだけだとつまらなかったけれど、読んでみると話の見せ方がうまく、テンポもいい。一冊読み終わったのに本当の最初、オープニングが入る前の冒頭を読み終わっただけに感じた。続きをわくわくしながら待ってます。エロゲの有名ライターさんだと知ったのは読み終わってから。どおりで物語の見せ方がうまいわけだ。"
"2013/09/05","クッキー","false","なんか微妙？セリフが多い、描写不足でいつも誰がしゃべってるのかわからなくで ...だが、キャラ自体の描写はいい！とくに加藤！存在感薄い！でも、それでいい！まぁ...それにしても、（演技中の）加藤は可愛かった!"
"2013/08/22","みどるん","false","なんか懐かしい丸戸さんの雰囲気を感じた。これからOPが流れ出すであろうゲームシナリオ。キャラクター設定は馴染みがある。そしていろいろな作品を彷彿とさせる。オタ的な意味で。"
"2013/08/21","ぽとふ","false","キャラが立っていないというキャラが立っている！"
"2013/08/20","りつか","true","面白かったー！　加藤さん存在感薄すぎる描写が濃密だったので逆に存在感濃い感じがしてきたようなしてこなかったような…。再会のシーン，かわいかったなぁ。"
"2013/08/18","おかず台","true","再読。　加藤さん、やっぱりその瞬間は思うところがある反応してるなぁ。序盤は特に。　倫也は共感しがたいキャラクターしてるけど、｢俺なら俺をシカトする｣なんて書かれてる辺り、作者どころか主人公本人もそのこと分かってて書かれてるわけで……この作品にはこれが適任、ってことなんだよね。"
"2013/08/18","めあ","false","発売くらいに買い未だ積んであったことを思い出し読んでみました。テンポもいい感じで読みやすかったです。内容は面白く読めました。続きも読みたいとおもいました。加藤さんが大変可愛いとおもいました。薄いとおもいましたが。なんだか、上手く逆手にとったなぁと思いました。キャラの濃いお二人が今後どうなるのか楽しみです。"
"2013/08/13","リプトン","false","ほとんどキャラの掛け合いで進んでいきテンポよく楽しく読んでいけますが、もう少し情景描写があってもよかったかなと思いました。加藤さんは地味ながらもいい子でかわいかったです。他の2人のヒロインはキャラも立っててキャラ造形、描写はさすがですね。まだ物語としてはあまり進んでおらず導入というかキャラ紹介で終わってしまった感じなので次巻以降も読んでいきたいです。"
"2013/08/10","よっち","false","春の坂道で飛ばされてきた帽子と白いワンピ－スの娘との出会いをきっかけに始まる、オタクラブコメなのかな？そこからなぜか知り合いの女の子を集め、ギャルゲーを作ろうという斜め上なお話になるんですが、英梨々も詩羽もキャラが濃いのに、逆にヒロイン役の恵がモブキャラ過ぎて主張もなく存在感が薄い（苦笑）結果的にその恵の行動が停滞していた話を動かしたのが、このお話のポイントなのかなと思うんですが、あざといテンプレキャラ詰め込み過ぎでもポテンシャルは相当高いと思うので、地の文はもう少しマシになるといいかなという印象です。"
"2013/08/07","みけねこ","false","丸戸ファンは絶対おもしろい作品だ。丸戸さんが書くお馴染みのキャラクター設定。頑張るだけが取り柄の主人公。基本有能だが主人公にはツンデレを発揮して失敗しちゃう彼女。基本超有能だが主人公には超毒舌。でも困った時には何とかしてくれるお姉さんな彼女。丸戸さんの作品によくある設定だが、メインヒロインの設定は毎回ちがうんだよね。倫也のサークルの原動力になってるのもメインヒロインの設定ってことを考えると、丸戸さん自身がメインヒロインを立ててからシナリオ書いてるのかなーと思える作品でした。"
"2013/08/06","Kapi","false","スペンサーってww細かい所で笑をとってくる。面白かった！"
"2013/08/06","りゅう","false","これから盛り上がっていくのかな？さらっと読めた、そんな第一巻でした。"
"2013/08/03","neg","false","主人公が萌えない女の子をアニメやギャルゲーのように萌えるようにするお話。主人公が価値観を他人に強要し、勝手に決め付けて理不尽すぎる。文体もくどい上にセリフもくどい。話の起伏もなくイマイチでした。"
"2013/08/01","ppll","false","作品自体パッと来なかった。というかあんま冴えなかった。絵師のせいでヒロインが全く冴えないに見えなかった。てかカバーのは冴えないほうじゃないのが二回目の登場でようやく気づいた。しかも主人公よりも加藤に感情移入できるようになったのはやばかった、主にギャルゲーやらせるあたりが。でもシーンすっ飛ばして結果なんともなかったという回想的記述だけ残るのは頂けなかった。何よりも会話中誰が何を喋ってるのか判り辛かった。かなり。文章の癖はともかくつまらなくはなかった。これでも2巻以降は面白いとの評判で、我慢して次を読もう。"
"2013/07/29","ｐ－こ","false","ギャルゲー脳の妄想のギャルゲー脳主人公の現実の妄想の物語。ってかんじですか。何言ってんだこいつって感じだけど本当にこんなんかなって。丸戸さんの作品は「NG恋」以来２つ目なんですけど（30禁に納得）、実に良かった。久しぶりにときめいた。まだ自分の心にもときめく余地が残されていて安心しました。しかし加藤さんみたいなヒロイン描けるなんて本当に凄いです。人生経験による賜物でしょうか。それとも2次元の海を渡り歩いた経験値によるのでしょうか。やはり本職シナリオライターの掛け合いは、なんというか捕れたての魚みたいな。"
"2013/07/28","アシュア","false","加藤のキャラの弱さに驚いた。かわりにえりりんのキャラの立ち具合が半端ないかった。ベタなところもあるけど面白かったな。"
"2013/07/27","kouya d-f","false","やばい、久しぶりにラノベを面白いと思った。ほかのラノベとは一味違うねｗそれに主人公オタクだし話面白いしヒロインかわいいし、読んでてどんどん引き込まれていく！買って正解だった"
"2013/07/19","non","false","作者買い。 そこそこ面白い。 内容はないに等しいけど、会話としては面白いね。"
"2013/07/08","だびゅ","false","きっかけは深崎暮人さんのイラストに釣られたけれど、読んでみてすごくおもしろいと思った。まさかのヒロイン育成ストーリーっだっとはその発想は無かった。もっと早くにこの本を買えば良かったと思う。続きはまとめ買いしようかな"
"2013/07/01","CROSS","false","丸戸さんの書くラノベってどんな感じだろうと思ったら、本当に徹頭徹尾丸戸節だった。過去の丸戸作品、特にWA2のネタが多くて個人的には凄くピンポイントだったけど、それらがただ持ち前のネタとして面白過ぎるだけでないのが流石。丸戸作品は因縁ありヒロインから転じて失恋からのリトライが多い気がするのだけど、今作では”冴えない”加藤さんを育てること自体がそれに当てはまりそうな一方で、彼女を支援する＝倫也の恋…になってるかどうかも分からない情熱を形にするのも”幼なじみ”と”元カノ”なのだから、これは今後が楽しみだなと。"
"2013/06/30","miwarin","false","地味子をヒロインに仕立てあげよう/主人公がギャルゲ脳で周囲も同人活動などしており作品に同人ネタ、エロゲネタなどが出てくる。俺の妹や神のみぞ知るセカイを楽しめたひとならば楽しめるか。主人公がセクハラすぎて心配になる/周囲をチートに囲まれた状態だから加藤恵が地味と思えるかもしれんけど、「一般人」の世界ではそれが普通なんだけど、あいにく主人公がギャルゲ脳なのでリハビリが必要とされている。"
"2013/06/16","こま犬","false","個人的には、あまり。"
"2013/06/04","nym","false","ホワイトアルバム2にハマったのでその流れで購入。個人的にはいまいち。主人公はいいキャラだし女の子も可愛いけどそれだけかなぁ、と。物語も起伏がないので完全にプロローグって感じなのが残念でした。"
"2013/05/23","三ノ宮二見","false","丸戸さんだったんで買いました。面白かったです。安芸くんのオタクっぽさというか、凄く気持ちが分かってしまって終始苦笑い状態でしたwそして英梨々と詩羽先輩のキャラが物凄く濃いです、それを出して加藤ちゃんを本当に目立たない感じにする辺り流石だなぁ・・・と思いました、今後どうなるのか凄く気になります！因みに私は英梨々が好きです！"
"2013/05/14","古槍新垢","false","導入って感じ。単品ではいまいち。"
"2013/05/13","ﾌｯｻん","false","思ったより熱い話だった"
"2013/05/08","なぁ↓","false","再読。痛い主人公とイマイチ萌えない娘との話が、一気にひっくり返されるあたりの描写がさすが。"
"2013/04/29","METHIE","false","作者特有のワナビの痛々しさの描写がすごい。"
"2013/04/28","Haginov","false","楽しかった。 キャラの誰かがイイとかじゃないんだけど、なんだろうね。安芸君がいいのかしらん。"
"2013/04/21","のぶ君","false","主人公は何もしませんが冴えない彼女が冴えないので僕は好きです。こういう邪道もたまにはいいと思いますよ。"
"2013/04/13","ソルト佐藤","false","なんとういか、文体がどうにも違和感が多くて馴染めず。ギャルゲーっぽいというかなんとうか、絵なり音なりがあったら楽しそうかも･･･。読むにはうざい感が。でも、後半、主人公が、変な方向にバイタリティ溢れたいまどき珍しい前に進む（前しか見ない）人間だとわかってくるにつれて、面白くなってくる。ギャルゲーっぽく無自覚なジゴロっぽくなるのはご愛嬌か（笑　ヒロイン（？）の地味子･･･いや加藤さんは、良い子なので、しっかりと描写を厚くしてほしいところ。他の二人も良いのだけれど。"
"2013/04/13","カテ","false","お約束的ヒロイン像を逆手に取った、ヒロインらしくないヒロインと、物語らしくない物語。それが最後には、実に物語らしく収束するのだから凄い。"
"2013/04/11","sikamo","false","カスタムバージョンもいいけど素バージョンの加藤さんが素敵。"
"2013/04/08","夕口為人","false","ラノベのヒロインの時点で「冴えないヒロイン」なんてあり得ないという熱い皮肉 んなわけないか"
"2013/04/08","FF5","false","☆４つ。生粋の消費専門のオタク、安芸倫也はある日運命の出会いをする。彼女は可憐で美しく……この世のものとは思えず、あれ、クラスメイト……？　冴えない彼女をヒロインに育てよう！ 丸戸さんと深崎暮人さんという組み合わせとかもうmust buyだろう！とか思って買いましたが、期待通りですね。しかし、ここまで変化球をぶっこんでくるというか、既存のライトノベルの文脈をぶっ壊してくるとは思わなかったなあ。属性がなくても可愛く描くことができるというのは、やはり氏の技術の賜だと思います。残りの二人も素敵だけどね！"
"2013/04/06","yabuki","false","メインヒロイン的な意味で表紙詐欺。逆にそれがネタなるキャラなので不満はないものの、何か面白いことが始まりそうな序盤という続刊が前提の編成は好きじゃない。とりあえず、眼鏡を出せ。"
"2013/04/04","まつがん","false","これはマジできつかった"
"2013/03/31","たこやき","false","地味っていうけど、周囲の濃い人々に振り回されても、何だかんだで付き合っている恵って、凄く良い娘だなぁ……と思う。ぶっちゃけ、『と○メモ』を一気にクリアって滅茶苦茶に疲れまっせ（笑）　正直なところ、物語が大きく展開する、とか、そういうわけではないので感想としてはそんなところ、かな……と。ああ……あと……メインヒロインである恵について、イラストなどでの扱いについて「アッカリーン！」という言葉が頭に浮かんで仕方が無かった。"
"2013/03/31","たけ","false","この巻は顔見せに徹してるので少々退屈。物語が動き出すのは次巻からかな。散発される2chネタとかおなかいっぱいです感はあるけど始終軽いノリのヒロインのキャラが面白い。続巻も買ってみようかな。"
"2013/03/27","ちげかき","false","話は作者の若干メタ視点な部分が見える、今のラノベの定番を意識して書きながらも自分色を出したハーレムものって感じでした。まあまあかな。 若干あえて書いているのかもしれないが、途中誰が喋っているのか非常にわかりにくい所があった。キャラごとに変な語尾を付けたり、テンプレートなキャラ付けによる分離はあまりしたくないのかもしれないが（俺も過剰はヤダ）、だったら地の文をしっかり書いてほしいかな。ラノベイコール会話ばっかってこともないと思いますよ。"
"2013/03/24","ふもふ [呉鎮]","false","テンポの良い登場人物たちの掛け合いが凄い良い感じ、三者三様のボケ方とツッコミが読んでて楽しいこと。加藤のフラットさが凄いツボ"
"2013/03/22","nadaha","false","某浮気ゲーで知った丸戸さんだけど、これはすげー面白い。会話劇も軽妙だし、何よりキャラクターが良い。特に加藤恵。深崎さんのキャラデザも良い。やっぱラノベは読みやすさとキャラだね。ネットスラングを中心としたオタ用語も鼻につかない使い方してるし。ラブコメ日常系のラノベはさじ加減間違えると胸やけ起こしそうになるけど、これは良かったなぁ。続きが早く読みたいものだ。"
"2013/03/20","はるぱん","false","最初数十ページの時点では最後まで読み進められるか不安だったけど、落とし所はなかなか好みでした。2巻が評判良いようなので、楽しみ。"
"2013/03/10","藤和田","false","加藤さん十分メインヒロインでいけるじゃねーか。それなのに表紙じゃなかったり見切れてたり扱いが酷いよぅ…でも、他の２人のキャラがたっていてあざとい。そして、カワイイ。自虐的だったり、ネタだったりとオモシロ要素も盛り沢山。はたしてメインヒロインエンドで終わるのだろうか?"
"2013/03/07","NewHeadland","false","いろいろ意見は分かれているようですが、僕は好きですよ。こういうの。徹底的にフラグをへし折るキャラとか斬新でいいやん。主人公の残念さを通じてオタク批判してる（？）のも、個人的にはおもしろかった。"
"2013/02/28","koromo","false","作品内で創作するものは下手すると自分の作品を否定しながら進むので恐ろしい。"
"2013/02/28","シーブック","false","毎回メインヒロイン人気が出ない丸戸氏の自虐ネタとでもいうべきか。ただ個性の薄いメインヒロインとはいうものの、本作に限ってはラノベではあまりいないタイプのヒロイン像なので、逆に斬新で個性的になっているという矛盾が面白い。丸戸氏の作品ということで期待すると肩すかしをくらうが、話のテンポもよく、自分の読者層をよく理解した徹底した美少女ゲーム・業界ネタは面白かった。作品自体がメタな自虐である点含め、良くも悪くもゲームである程度丸戸氏のことを知るファン向けの作品という印象。あざといと分かっていても澤村がかわいい。"
"2013/02/23","おかず台","true","評判はあまりよろしくないようだけど、作者買いしたので個人的にはすごく面白かった。｢加藤さんのキャラをどう立てていくか？｣だけでなく、｢加藤さんは実はこのままいく｣という可能性も選択肢に入れて続きを期待したい。"
"2013/02/20","もいさん","false","がとーしょーじは不意打ちすぎでしょうwww"
"2013/02/18","半熟タマゴ","false","ラノツイの新規部門で一番票数多かった作品で、前から気になってた事もあり購入。加藤さん十分キャラ立ってるよ！ これから先2人の関係に進展があるのか気になるところ。続きも購入予定。"
"2013/02/12","とーるんば","false","コンセプトが面白い。キャラクターメイキングも巧みだ。きちんと完結した姿を見て評価したい。"
"2013/02/06","dodonba","false","8:メインヒロインが当たりだったので当たり。"
"2013/02/05","柏葉","false","文章とイラストのダブルビッグネームにより売上はいいようだが）中身は……。1.会話がギャルゲー用。縦書きで読むのが辛い。エリリと先輩の応酬で、どっちがどっちの台詞か分からなくなるレベルだった。 2.主人公が酷いギャルゲー脳。勝手に素晴らしいシチュエーションだと脳内で盛り上がりながらヒロインの顔を覚えておらず、再会した女の子にとことん駄目だしをする姿は人間として最低だ。 3.ストーリー展開の意味不明さ。いきなり主人公の目が冴えた理由が分からないし、加藤恵に頼まれたらあっさり協力するプロ2人も意味が分からない。"
"2013/02/03","じゃんく","false","完全に人を選びます。これはそれを理解したうえで読まなければ駄目な作品です。メタも多く、それが分からない人、丸戸の文章の書き方似なれていない人程評価は悪くなると思いました。ただし、個人的には最高の導入だと思います。ライトノベルというジャンルに嵌ってしまったからこそ「これはラノベしゃない感」はひしひしと伝わってきますが、そもそもラノベ作家じゃないのでしょうがないですね。"
"2013/02/01","えくよん","false","主人公の妄想に振り回される少女達の話でしたが、かなり主人公の描写が多く、読み終わったあとに印象に残っているのは主人公の妄想と行動しようとしながらもだらけている態度がかなりを占めているような気がします。ヒロインは設定が特徴的で、特にメインヒロインの何事にも動じないキャラは最近見なくなったタイプであり、それに対する主人公の的確なツッコミにはニヤけてしまいます。"
"2013/01/27","よしQ","false","人気ライターだけあって人物の描き方はすごく上手いし、キャラの掛け合いも場面場面では面白いんだけど、結局この人たちは何をどうしたいのかを上手く理解できなかった。ギャルゲに現実の人物を投影しようとしてるわけ…？"
"2013/01/26","独雄","false","面白かった。元々第一線のエロゲライターさんと言うこともあって、日常の掛け合いやらテキストは非常に安定してて面白かった。ただ、一巻表紙がサブヒロインて…いやコンセプト的にも解るのだけども"
"2013/01/26","tani","false","こんにゃく以来の丸戸。この人の話をここだけで判断するのは難しいです。さっさと2巻読んで3巻を待つことにします。"
"2013/01/23","a-park","false","「ギャルゲー/ラブコメラノベ的な展開やキャラクター性」について読者と作中登場人物達のどちらも精通している前提の上に立ってラブコメラノベをやるというアクロバット　/　自縄自縛がすぎてちょっと読んでいて窮屈だった"
"2013/01/14","日下部総司","false","丸戸買い"
"2013/01/11","夕悠","false","作中に「キャラが立てば9割方で成功する」みたいなことが書いてあるが、その言葉通り尋常でないくらいキャラが立ってます。それぞれが素晴らしい存在感をビンビンに放ってるので最後までスッと読み通せる。しかし話が計画始動！というところまでで、エロゲに例えるならば次はOPスタートなのでこれ単品での評価はなんとも……。続きを読んで初めて評価するべき作品かと。"
"2013/01/09","akki","false","ぶっちゃけ1巻はたいして…"
"2013/01/08","テスク","false","☆×３　個人的にオタク主人公は嫌い。"
"2013/01/08","なつく","false","ヒロインが普通のかわいい子というのが新鮮。キャラがたってないことで逆にキャラが際だってるのが面白い。文章はちょい読みにくいかなー。"
"2013/01/05","Catch_22","false","丸戸史明＋深崎暮人！ネタ満載でおっさんには楽しめました。"
"2013/01/05","leo18","false","いいじゃないか地味ヒロイン。倫也と恵のやり取りは安定感があって面白いし、今後が楽しみ。オタク描写はちょっと過剰かなあ。"
"2013/01/03","FDorHR","false","丸戸さんということで即買いしたものの、文量が少なすぎるせいかあまり面白いと感じることができなかった。出来れば社会人ものを書いて欲しいではあるけど、9歳向けに書くんならそれは無理だろうなぁ。2巻は保留。"
"2013/01/03","りんご","false","エロゲ業界で有名な丸戸さん。未だに作品に触れたことがなく、ラノベで初めて触れることなった。評価はすごくし辛い作品のように感じる。読ませる力は感じられるし、メタ表現がツボにはいって笑ってしまった。今後、どのように展開するのかという感じの評価に落ち着くのかなと思います。"
"2013/01/01","(●▲●)とらうまん(*^◯^*)","false","今年最初に読んだラノベ。無個性少女を魅力的なヒロインに！というストーリーの導入部。 ★★☆☆☆"
"2013/01/01","まが","false","状況説明が少なくて、あれれ、誰が話していまなんの話をしているの？って置いてかれること数度。主人公がもててる理由がよくわかんなかった…"
"2013/01/01","獅堂憂","false","丸戸さんということで即買いした昨年の夏。ようやく読了して2巻も買ってるから続きが気になるしWA2やりたいしうほぉおおおお2013も楽しい"
"2012/12/30","skikku","false","なんというか反応に困るよねうん、話は進んでいないし今回キャラ紹介で終わった感じがしたね。けど作者が丸戸さんだとエロゲ作家なんだと考えたらこう思ったよ、そう今回は序章なのだとエロゲでいうならOP前なのだとそう思ったら今回は良い感じじゃないかな？登場人物全員紹介できたし、主人公とヒロイン達に過去何かあったと思わせる伏線、最後にはヒロイン全員集合でサークル発足。ここでOPが流れて２巻に続くって思うと１巻としては素晴らしい物だと思うのですよ。"
"2012/12/29","東晃","false","メタくていいけど、どの方向にももっていける構造してるからどうするんでしょうねとしか　星三つ"
"2012/12/20","アル","false","主人公がキモい！(誉め言葉)表紙が主人公でもヒロインでもないというのは斬新でかなりで驚いた。しかしヒロイン論というか二次元におけるキャラクターについて考えさせられる作品………と言うほど大層なことも特になく、ラブコメとしてなかなか面白い構図だった。ディープなオタクに依りすぎてて理解できないネタが珠にあるのが残念っちゃ残念だった。"
"2012/12/18","cointoss","false","恵にどんな色がついていくのか，周囲がどんな色をつけようとするのか．そこがポイントなんだろう，という理解．日常系というよりもいつものゲームシナリオだし，どこか掴みどころのない恵と，強烈すぎるその他キャラの対比がアクセントに見える．まあその二人はわかりやすくて良いと思います．倫也には底辺を這いつくばっていて欲しいですね．"
"2012/12/18","いのちだいじに","false","ギャルゲーを作りたい主人公が運命だと思った相手は直接相対してみるも特別なこともない普通の地味な子。あの感じた運命は間違いだったのか？ って入り。エロゲーとかの冒頭部分みたいな雰囲気ですなー"
"2012/12/16","416","false","うーん?面白くなったわけではないのですが、何を書けばいいのかわかりませんね、これは。ある意味ではじめての感覚です。ゲームのシナリオを読んでいるというわけでもなく、かといってライトノベルの文章を読んでいるという感じでもなかったという不思議な感じがしました。とりあえずは導入部が終了といった印象なので、次巻からの展開次第といったところでしょうか。"
"2012/12/15","朝霧玲一","false","正直なところ、期待以上ではありませんでした。"
"2012/12/09","ＡＱＵＡ＠リアリスフィア・たたみ＠回文師","false","ゲームをほぼやらない人間なので、ゲーム的な会話文の羅列とか、描写が足りないところが引っかかった。でも、キャラが把握できて以降はサクサク読めて面白く読了。やたら強引な主人公と、地味ヒロインは新鮮。だけどさすがに家に泊めるのはどーなんだ、常識的に考えて。ヒロインも流され過ぎというか、むしろ魅力を減らしてしまう気が……うーん。終盤の「気づき」と、その後の「やり直し」な会話のあたりはすごく良かった。直球な台詞はラノベっぽい恥ずかしさに満ち溢れていたｗ"
"2012/12/07","たけしんぐ","false","盛り上がってきたら起こして"
"2012/12/05","惣","false","★★★☆☆ 面白かったです。ライトノベルでも安定の丸戸クオリティでしたし、丸戸・深崎とか私的には最強タッグ過ぎたのですがどちらもやっぱり普段の主戦場での方がグッドかな。それにしても作者も後書きで書いてるけど明らかにパロディネタが購買層と合ってないよね。でも最近はそういう分かる人には分かる的なネタが流行ってるのも事実だからいいのかな？とにかく続刊が楽しみな作品ではある"
"2012/12/04","Hirorin","false","久しぶりに楽しめた。メインヒロインの扱いにも雑さがあって良かった"
"2012/12/03","おるとま","false","ままらぶは神ゲー。"
"2012/12/02","青海","false","ハイスペックでメイン張れるヒロインがサブで、没個性なモブがメインヒロインという配置が可笑しいノリの本。殆ど人物紹介だけで終わってたのが意外。物語の内容としては、どうという事はなく全体的に文字テキストの会話主体で、読むというよりも目に入った文字列を処理していくだけの作業に感じてしまったけど、色の白いは七難隠すのように、キャラの造型や立て方は凄く上手いと思う"
"2012/12/02","シナモン","false","正直な感想として「1巻は体験版となっております。今後に期待。」といった感じ。序盤の加藤さんはフラットすぎて、音声と立ち絵がないと厳しいよ。ただ終盤は面白かったので、今後面白さが加速することを期待して次巻を読みます。"
"2012/12/01","きり","false","丸戸史明先生に深崎暮人さんの豪華コンビということで即購入をしたこの本。（読むのはこんなにも遅くなってしまいましたが…） 1巻は登場人物の紹介とかちょっとした掘り下げみたいな感じでした。 英梨々や詩羽先輩と濃いキャラの中で加藤さんの地味さというか平凡的な感じが面白い。意外といい娘な感じで、以降どんなキャラになっていくのか楽しみ。"
"2012/11/29","藤岡","false","パルフェやこんにゃくで、僕の中で最も好きなシナリオライターの丸戸氏の作品となっちゃ見過ごすわけにはいかんだろ！！と即購入。たしかに地の文が少なく誰のセリフだ？となりましたが他は会話のテンポも良くさすが丸戸氏だなと。物語を1巻で終わらせる気がないのがひしひしと感じます"
"2012/11/29","tuppo","false","会話主体でぽんぽん進んでいくのでキャラクターは浮かぶ。一方場面情景背景らは思いきりオミットされている。ライトノベル一般がそうだけどその中でも気になるくらい。漫画で言うみなみけみたいなこの方法で楽しかったり萌えたりはするだろうけれどキャラがキャラのまま人間になれずに終わらないかなと心配。序盤はそれでいいかもしれないけど。男女関係に終着する以上話のヤマとなるとこで誰かが苦悩するはずででも人間じゃない人形が悩んでてもそれはおままごとで感情移入は出来ない。個人的にwa2がそれだった。三人称で書かなかったのが不思議"
"2012/11/28","togo","false","加藤さんの地味さがいい。ハーレム物になってしまうが別段気にしない。 同人誌作りですがいい脚本、絵師がいればもはや完璧ですねw"
"2012/11/28","らなあ","false","序盤のグダクダが辛かった。ただ、ラストからの盛り上がりはよかったし、加藤さんをメインヒロインにするっていうコンセプトがしっかりしてるから今後に期待が持てる。"
"2012/11/27","azur","false","サブヒロインの掛け合いの裏で実はメインヒロインがいる、というあたり芸が細かいですね。美人なんだけど目立たない、ある意味残念なヒロインである加藤恵が今後どうプロデュースされていくのか。何だかんだで無自覚ハーレムを既に気付いている主人公くんの今後と合わせ、まずは前座が整ったという印象でしょうか。続けて次巻も読みます。"
"2012/11/27","ハシヒロ","false","学園のアイドルこと澤村スペンサー英梨々さんが実は消費系オタを食い物にしてる同人作家って本当ですが。幻滅しました、神秘的で学園一の秀才にして作家でもある霞ヶ丘先輩を応援します。"
"2012/11/27","めもり。@３年ぶりに読書メーター","false","評価<★★★★★>面白かったです。何気に今後波が来るであろう作品の一つとして期待しています。物語の方は、偶然出会った(地味な、目立たない)女の子・加藤恵さんをエロゲーのヒロインに育てようという話です。コンセプトがしっかりしてて説明がしやすい作品ですね。ていうか加藤さんメインヒロインの筈なのに、表紙じゃない笑。代わりに英梨々さんですね……実はこっちがメインヒロインになったりして。後々どうなるか分かりませんね。ただ個人的に泣かせられるような展開になってくれたら嬉しいです。作者的にもそうなりそうですしね！"
"2012/11/26","マーシャル・アーツ","false","作者で話題になっていた今作だが、２巻の表紙が気に入ったのが購入のきっかけ。正直、加藤さん以外のヒロインとかどうでもいいと思っているので、これからはたして自分は楽しめるのかとか考えてしまう。まあ普通に話は面白いし、他では見られない加藤さんというキャラがいるので、読み続ける価値を十分見出してるんですけどねｗこの感想書いてるのも読み終わってから大分経った後だから何か冷めた感じになっているが、読んだときはもっと加藤さんというキャラに衝撃を受けていたので、自分の中では高めの評価であることは間違いない。"
"2012/11/25","dododod","false","確かに玄人向けすぎる気はしたので、2巻を読む前に丸戸ゲーやろうと思いました"
"2012/11/25","あまたあるほし","false","表紙からして丸戸節炸裂。しかし、ＷＡ２を知っている人間からすると、こんなことやっといてどうせ泣かせるんだろ！　わかってるんだぞ。泣くために丸戸作品を追いかけてるんだから。"
"2012/11/24","strelka5","false","小説というよりテキストを読んでる感が凄い。また、キャラ紹介だけで一巻使いきってて、話は全く進んでないけど、加藤さんは可愛いし、ラストシーンは凄く良かった。やっぱりラノベじゃなくて、ゲームでやるべきだと思う。"
"2012/11/21","鋼賀","false","序盤だけを読むと、地雷かと危惧しました。しかし、加藤は段々と輝いています。あの菩薩級の寛容さは眩し過ぎる。中盤から最後までニヤニヤしっぱなしだ。でも、読みづらい。誰が喋っているのか分からない場面が多い。せめて、これだけを改善してください。"
"2012/11/21","すたれびと","false","パルフェ・こんにゃく・WA2など数々の大ヒット作を作り出したシナリオライターの丸戸先生のライトノベルデビュー作。冴えないヒロイン扱いの加藤恵だけど自分は挿絵で英梨々や詩羽先輩よりも好きになった。（もちろん、イラストの力だけでなく丸戸先生の設定から）よく購入の参考にしているサイトでは地の文に癖があるので注意みたいなことが書かれていたが、ゲームを結構プレイしている方としてはそこまで気にならなかった。モブキャラ的ヒロインのプロデュースといって、『野ブタをプロデュース』を思い出したのは私だけだろうか…←"
"2012/11/20","ユーベ","false","なにやらすごい売れたらしいですが丸戸さんファン以外に売れた理由がよく分からない。まあもちろん私は丸戸さん信者なので問題などあるはずもなく。ゲームじゃできない話をどこかで書きたかったんだろうなーという雰囲気をひしひしと感じました。そして誰が好きかと聞かれると英梨々スペンサーさん以外いないわけですが。しかし正直これが三誌合同でコミカライズとか正気の沙汰とは思えない。大丈夫ですがホントに。"
"2012/11/19","やち","false","人は選ぶだろうけど個人的にはすごく面白かった!! 企画作ってる時の主人公が鏡過ぎて……w あと随所に盛り込まれたネタがマイナーからメジャーまであって笑えた、どっちかっていうとメジャー寄りだけれどもね。そしてヒロイン達可愛い、恵ちゃん天使過ぎて＞＜ こんな娘がいたら即座に告白するレベル。これで家事ある程度できたら、理想的ってレベルじゃねぇぞ!!"
"2012/11/14","ぺんた","false","丸戸さんとはやっぱり相性良くないかも・・・。FOLKLORE　JAMは面白かったけど、他はちょっと・・・。って、ほわるば２はやってないけど～"
"2012/11/14","ミヤザワ","false","落ち着いた雰囲気のヒロインというのがいい。おたく趣味に寛容で、困った顔をしつつも話を聞いてくれる恵が天使に見える。キャラが立ちまくっているサブヒロインが前に出過ぎないようにシナリオを調整しているところもいい。おたくネタが多かったけど、万人が読めるように話を書くよりこれくらい対象を絞ったネタのほうがいい。好まないひとは好まないだろうが、おもしろいと思うひとからは高い支持を得るだろう。次の巻もたのしみです。"
"2012/11/14","ぶんぼん","false","同人で、目立たない幼馴染をモデルにして創作するお話。同人やってると若干面白みが増すんじゃないかな。丸戸さんもcradleも大手側だし、シャッター前事情とか分かる気がする。ヒロインだが、みんなキャラが立ってる。恵後半頑張った。2巻以降に期待"
"2012/11/14","まる","false","作者がお気に入りのライターさんだったので購入。中身はネタの宝庫、わかる人には分かる。しかしネタが多すぎで若干くどいような気がしないでもない。本作はキャラの立たない女の子がヒロインという異色の作品。是非ともヒロインにご注目あれ。キャラが立たない故いまいち盛り上がりに欠けるかもしれないがそれもまた一興。所々にある作家の内事情はノンフィクション……？ちなみに文章はノベルゲーム感の抜けきれない文章でライトノベルにしては分かりにくい描写が多いと感じた。"
"2012/11/13","six-9","false","小説としては描写が足りず，会話文だけではヒロインの服装や感情，情景が浮かばなかった．どうしてもビジュアルノベルのテキストだけを抽出したという悪印象を拭いきれなかった．しかし，ヒロインs（加藤恵，澤村・スペンサー・英梨々，霞ヶ丘詩羽）の魅力は完璧．今後，丸戸史明が小説スタイルに慣れてくれば，間違いなくヒットするとは思う．2巻以降に期待． 余談だが，丸戸史明らしく，なんだかんいって主人公がハイスペックなのが安心できる．ヒロイン二人（澤村・スペンサー・英梨々，霞ヶ丘詩羽）が主人公，安芸倫也によってプロデュース済"
"2012/11/12","ヤコ","false","俺の感性が変わってきたせいなのかな。バクうれしてるって言うほど面白くなかった。期待してたのが「こんにゃく」みたいなハートフルストーリーだったからってのもあるけど。ただちょっと自分でもなにか作ってみようかなとは思った。そういう創作意欲を煽る意味ではいい効果はあると思う。売れてる作家だから、もともと全巻通して、一つのストーリーってぐらいののんびりペースで有る事を願って次を期待。ルースも書かないかな～。"
"2012/11/11","KEI","false","購入。僕には全くご縁のない丸戸さんの作品。面白く読めた。無駄な文章が無くてサクサク読める。また、随所に散らばるオタクネタ、業界の裏側の話が面白い。これ書いて大丈夫なのか？まぁ、世に出てる時点でこの杞憂も意味が無いのだけれど。さて、この四角関係がはどうなるのかな。リーダーがメンバーと関係持って（確定事項）がどうこじれるのか。次巻が楽しみだ。"
"2012/11/09","ラノ部","false","★★★☆☆　あまりゲームをやらないので作者のことは知りませんでしたが絵が気に入ったので購入　会話が多めでサクサク読めた。ただまだ1巻ということもあり物語の進展がほとんどなかったため、まだ面白いかどうかはわからないりません。よって★3で （絵を評価に入れたら★4でもいいですができるだけ内容を評価したいので）　ただ恵の人間性には敬意を表したい"
"2012/11/06","にー@酒","false","この前に他のエロゲライターの人のラノベを読んで、ハズレだったのであんまり期待せずに読んでいたのですが、こっちは面白かったかと。序盤はちょっとハズレ感漂っていたのですが、主人公のキャラがつかめてくるとすんなりと受け入れられました。全体的にスムーズな流れ、とは思えなかったのですが、ザクザクとなら楽しめたかなぁ、と思う次第で。"
"2012/11/03","ordit","false","冴えないヒロインである加藤さんは、確かにこういったラノベの世界では冴えないかもしれないけど、逆に現実的には有りえそうかなと思ったり。でもって、随所に盛り込まれるネタが時代が古い？感じが否めない・・。"
"2012/11/01","じょーかー","false","久々に一気読みでなく栞挟みつつちびちびと読んだ作品。序盤はちょっと香ばしい気分だったのですが、中盤からテンポが良くなり、終盤の盛り上がりは非常に面白かったです。主人公の言動が妙に高校時代の友人を連想させて集中し難かったですが、それはまぁ自分の問題。読み終わってみればどのヒロインも可愛く、続きも出るみたいで楽しみにしてます。"
"2012/10/31","マッキー","false","まあ、小説の文章とは思えないようなところもあったけど、アイデアはよかった！フラグを折りまくってる加藤さんが天然ですらないし！でも、けっこう、主人公に対する加藤さんの会話の内容って、意外とリアルな気もします。ツンデレとかの方が実際にはあり得ないよね。"
"2012/10/29","fair","false","冴えない彼女を取り巻くドタバタ？劇は中々楽しかった。それ以外の濃ゆいヒロインとの対比も含めて。ただ、続巻に期待したいと言い切れないあたり、まだこの作品に入り込めていないのかも。続刊でのやり取りを見ながら今後継続するか考えていきたい。"
"2012/10/26","けーたん＠KEI00109","false","主人公がなぁ・・・。あんまり（ｒｙ　まぁ導入だしなぁ。続きを待とう"
"2012/10/24","KUWAGATA","false","主人公がクズレベルのオタクすぎて、全く感情移入できないまま読み終えてしまった。ヒロインズも正直微妙。加藤は面白みないし、あとの二人はこれでもかってくらいのテンプレキャラだし。それにしても、いくらラノベだからって、世界観が主人公の半径1mくらいしかないって、どうなんでしょうか？　それからもう少し情景描写に気を使って欲しかったかな。なんだか、最初から最後まで放課後の教室でのダベリを聞かされてる気分だった。エロゲーのシナリオライターだから仕方がないのかな。高評価みたいですが、私には無理でした。続きはもういいや。"
"2012/10/24","天涯","false","ストーリーに取っ掛かりが無いので途中で読むのを断念。人気あったので買ったのだが残念。"
"2012/10/22","kont","false","これもゲーム作り学園モノ・・・。"
"2012/10/22","ツンヤン＠キューブ","false","ゲームやってないとネタについていけないので、万人受けはしない作品。面白いんだけど・・・イラストとシナリオが噛み合ってない感じを受けた。ただセリフが多く、状況説明が欲しい時も・・・ネタがわかれば面白いけどネタがわからないと面白くないと思うので、買う人を選ぶ作品になります。深崎先生・丸戸先生のファンなのでついてはいきます！"
"2012/10/22","しょう","false","エロゲ企画屋物語"
"2012/10/19","あつ＠","false","小気味良いテンポからのパロネタはさすが。演技してる加藤さんは可愛いと思いました。真っ白な個性がどう変わっていくかは期待です。これが若い子向けに書いた作品かと言えばどうかとは思いましたが美少女ゲーマーには楽しめたんじゃないでしょうか"
"2012/10/13","tegege","false","無個性流されヒロインって、新鮮でいいね。ギャグも冴えてて面白かった。続刊希望。"
"2012/10/11","すーざん・ぶらうん","false","さすが丸戸史明！といった感じで面白かった。非常にテンポよく読みやすかった。途中の業界Disりネタとか対象の中高生わからないだろうなぁwと思いながら読んでましたけど僕はかなり笑わせてもらいましたwあとがきで「30禁ライター」ってありましたけど、確かにこれまでのゲームのネタがその世代にジャストフィットするものが多かったような気がして納得してしまった。まぁ、丸戸作品はこんにゃくとパルフェしかやってないんですけどねwこの作品は11月に2巻が出るようなので今から期待して待ってます。"
"2012/10/08","tourou_27","false","とき○モのネタとか、最初のあのネタとか、中高生はわからないネタだろうと思います（わかってはいけないネタも？）。　中高生向けというよりも我々向けの作品じゃないかなと思います。"
"2012/10/07","ワルド","false","『俺の作品の、ヒロインになってよ』情熱だけは誰にも負けないオタクの主人公が、何の取り得もない地味なクラスメイトにティンとくるお話。知る人ぞ知る丸戸史明氏執筆の作品です。しかしこの作品、よくある金髪幼馴染ツンデレや黒髪毒舌先輩が登場するのにも関わらず、ヒロインはクラスにいたかどうかも覚えていなかった地味子ちゃんという愉快な設定になっております。表紙にすら描かれないという徹底ぶり。ただちょっと会話が多すぎて状況が読み辛いところもあったり。しかし散々わらかしてくれたのでまた書いて欲しい。"
"2012/10/06","かぜやまごろろ","false","地味というか普通というかそういうヒロインをメインに持ってくるのは面白い。て、表紙違いますし。残りのツンデレなどのヒロインも定番と見せかけてなかなか変化球気味な所が良い。クラブを作るまでの話だったのでできた後の続巻がどれだけ個性を出していけるか楽しみです。"
"2012/10/05","喜多","false","丸戸史明がラノベを書くと……というより、丸戸作品の忠実なノベライズという感じ。状況説明などにはほとんど文を割かず、主人公のモノローグやヒロインとの台詞回しに大幅にテキストを割いているのが面白かったり少し違和感があったり。これからどう展開するのか期待。"
"2012/10/04","指","false","丸戸史明＆深崎暮人という私を殺しに来ている組み合わせ/主人公キモい！/ゆえに大変良い/ヒロインが/46pにおける主張がこの話の要かなーと思いました/"
"2012/10/02","アリア","false","丸戸と深崎のコンビで歓喜な作品。　一巻で表紙にされないメインヒロイン加藤恵。ツンデレで金髪であのキャラを彷彿とさせる澤村スペンサー英梨々。　黒髪毒舌な霞ヶ丘詩羽。　巻が進んで行けば可愛くなりそうなキャラ達で、次巻も読みたいと思った。　加藤恵・・・”普通”に可愛いじゃねぇか！！！！いつもの俺的には、萌える。そして今日読んでる俺的には、ときめいた。"
"2012/10/02","とある牛","false","ゲーム的な小説で、内容はほぼ会話だが、テンポが同氏の以前の作品（ゲーム）と同じようにものすごくいいんだ。非常に普通の子をヒロインにするのはかなり斬新な設定だと思いますが、逆にこれからの展開をどうなるのかを心配しています。個人的には割と楽しく読みましたが、ギャルゲーがあまり知らない方にはこの本をおすすめできないと思います。最後は、と◯メモ（しかも初代）のネタは懐かしいな～～！！"
"2012/10/01","菊地","false","主人公の暴走気味な気質はともかく、肩肘張らずに付き合える異性と言うヒロインのキャラ造形は割と好きかなぁ。とりあえず導入って感じの内容でしたね。"
"2012/10/01","麻呂","false","これめっちゃおもろいねw流石丸戸さんwww　これを買ったのもあの丸戸さんが書かれているからという完全な『ライター買い』ですw　地味なヒロインってのもほんと珍しいですよね、こういうのって大概ヒロインには濃いキャラがあるものですが…ヒロインがマジ普通！！！そして周りのもう2人のキャラは十分なほど濃いし…もうやばwこれは次からが楽しみになりましたわ！　あとPCゲームやってる人は、いたるところにネタが隠れてるので、そういうところでも楽しめると思います！"
"2012/09/30","Naoki Yamaguchi","false","パルフェ、こんにゃく、NG恋でおなじみの丸戸史明初ラノベ！巧妙なパロディと会話劇は読んでいて退屈しない。"
"2012/09/30","あまつばめ","false","イラストが気になって読んでみたら、案外中身も悪くなかった。オタク主人公と地味なヒロインというよくある組み合わせの割にはダレない。あと、ときメモをやってるとメタでかなり笑える……ていうか、ときメモ分からんだろ今の中高生は……"
"2012/09/26","無銘","false","ある日の「運命的な出会い」に創作意欲が燃え上がったオタクな主人公が、出会いの相手である地味めな少女を巻き込んでギャルゲー制作に乗り出すお話。とりあえず一通りのキャラ紹介が済んだ共通ルート段階なので、本格的な展開は次巻以降に期待。英梨々、詩羽は実にラノベ的なキャラで愉快な奴らだが、やはりそれ以上にメインヒロインたる恵の地味というか、とらえどころのないキャラが面白い。彼女がどのように倫也に毒されてゆくかはなかなかに気になるところ。"
"2012/09/24","きさらぎ　ひろ","false","めっちゃおもしろかったｗｗｗまず表紙がメインヒロインだと思ってたから、『冴えない？』って思ってた。けど丸戸さんのコメントを見てからメインヒロイン探したけど、普通に可愛いｗｗｗ読み進めていくにつれて、英梨々も詩羽も可愛いけど俺はやっぱり恵がいいかな！先の２人はしっかりとしたキャラがあって、すごく目立つ代わりに恵は普通。普通すぎるのがとてもよかった。次早く出ないかなぁ…"
"2012/09/24","Vicarya","false","最初は趣味が合わない人を引き込んでいくストーリーかと思ったが実際は違った。スペンサーかわいい！　詩羽先輩とスペンサーどっちが勝つのだろうか？"
"2012/09/24","シュエパイ","false","ゾンビですかが途中に混入されたのはよいのか（笑）よく考えると凄い考えられた表紙だなぁ。タイトルコールの彼女が、存在感なさすぎて表紙の裏側に隠れてる（上に顔が出ていない）。それでいて真の黒幕という、っていうかこの少年が本当に一番冴えないのだねぇ（苦笑）"
"2012/09/23","gatz02","false","挿絵だけでジャケ買いしたが予想外に完成度高い。メタメタしてて業界ネタ満載なんだけど最後はきっちり合わせてくるというか。この人のゲームやったことないけどシナリオ書き慣れてる感じ。オススメです。"
"2012/09/23","スナ","false","丸戸史明がラノベを書くということで遅ればせながら読了。非常に面白かったです。土壌が違うということで文体等の変化など気になっていましたが、違和感無く読めましたし、どのキャラクターも個性が強いです。詩羽が今作のラスボスですかね？"
"2012/09/22","たら","false","これでおしまい？という感じでした。むしろこれからが始まりだろうと。 次巻以降どうなるのかな。プログラムを打てる女の子が出てくるのだろうか。"
"2012/09/21","アルデバラン","false","丸戸さんが、ラノベをかいてるので購入。エロゲネタがおおいラノベから入った人は調べるのも一つの楽しみになるかもですね。今回は、ゲームと違って何かしら特技があるわけでもなくただのオタクが幸薄い子をヒロインにするおはなし。序章なのでどう変わるか楽しみです。相変わらず、テンポがいいのでさくさくよめました。"
"2012/09/17","りべちん⊿","false","★★★☆☆　丸戸氏がラノベを書いたらラノベじゃない何かになりました的な。展開が独特で良くも悪くもラノベっぽくなくてかなり新鮮ですね。エロゲネタが多いようですが殆どやったことがないのでわかりませんでしたが、物語そのものが面白いので普通に楽しめました。しかし、かなり癖が強いので好みが分かれるのは必至。まだまだ序章だし一読をおすすめ。"
"2012/09/16","ゆうげん","false","あの丸戸先生がラノベを描かれたと知って迷わず買っちゃいましたよ。内容としてもさすがというべき独特な文章かつ掘り下げ方に改めて感服しました。次巻が楽しみです。あと「もうしょうがないなぁ、倫也は」なんて、、、パルフェヲタが読んだら泣いちゃうって丸戸さん！！ｗ"
"2012/09/15","銀城","false","まずはプロローグという名の小手調べといった感じの丸戸史明ラノベデビュー作。力のある人なのはもう既に実績が示しているし、イラストレーターも良い感じにはまってるし、これからの掘り下げに期待というところでしょう。"
"2012/09/14","一般人","false","メタ視点必要なのかな"
"2012/09/09","だめよだめ","false","やっぱり上手く物語に引き込んでいくな、という感想。ここから掘り下げていくのだろうが期待が高まる。"
"2012/09/08","クワガタ","false","加藤さん、地味でキャラが立ってないとか言われてましが、どーしようもないオタクの主人公に律儀にいろいろ付き合ってあげるところなんかは、一途系ヒロインとして充分魅力的！"
"2012/09/02","Kamikami","false","評価：★★★　ギャルゲ的な出会いを遂げ、ギャルゲーの創作意欲に燃える主人公。だが自分の才能のなさに苛立つ。まず地味な女の子をメインヒロインに据えた心意気は評価したい。正直ギャルゲのプレイ経験が豊富な人向けの作品といったところ。"
"2012/08/31","pom","false","ちょろい加藤さんが今後どこまでのちょろさをみせるのか楽しみです。"
"2012/08/31","huyukiitoichi","false","一時期流行ったいまいち萌えない娘(だっけ？)のキャラクターver(いまいち萌えないキャラクター)"
"2012/08/28","こぼこぼ","false","これから加藤がメインヒロインらしくなっていくのか次第かな。サブヒロインが強敵過ぎる。主人公は色々煩悶しているけど，共感するにはまだ描写が足りない。まぁ，もう少し付合います。"
"2012/08/27","SaY","false","先輩が良すぎてやばい。メイン（）ヒロインさんはちょっとね。まぁ、金髪ツインテは可愛いのは当たり前なのです。全体的な印象で言うと、丸戸さんがちょっとおっかなびっくり書いた感じがあったなー。続刊からは本調子になるはず。更に楽しみです。※推し　霞さん"
"2012/08/26","仄","false","ギャルゲーのシナリオはいつもそんなに考えてないけど読んでみた。ギャルゲギャルゲって作中で言われてるし、書き方がそれぽいのもあってか途中から立ち絵とエフェクト、挿絵の部分で一枚絵＋下の方に文章っていうギャルゲちっくな読み方が脳内展開されてた。ギャルゲだったら先輩一択で突き進むかな。毒舌下ネタ好き実は主人公にメロメロな処女年上とか三倍満レベルでしょ。"
"2012/08/25","","false","曖昧にされがちなところを詰めてくるなあ、という感じ。／霞詩子というPN、Kiss the FutureとBirthday eveを脳内再生させる。"
"2012/08/24","黒犬","false","軽快な文章に生き生きとしたキャラクター。ゲームのノベライズっぽいところもあるが、物語全体が楽しい雰囲気に満ち満ちていて、ラブコメ読んだぞ！という満足感はばっちり味わえます！"
"2012/08/23","会津","false","加藤さん凄く可愛いじゃないか！　キャラクターとテーマは面白いが、正直立ち絵と表情差分が欲しくなる。　会話文が連続するシーンが多いのに、間に諸々の描写が皆無なので、序盤は誰が喋ってるのかもよくわからなかかった。 想像力を自発的に使い出すと面白く読めたと思う。"
"2012/08/23","洞爺","false","丸戸史明さんのラノベデビュー作ということで迷わず購入。散々書かれているがノリがゲームチック。慣れているかどうかで評価がわかれるんじゃないかなあと思った。内容的にはあっさりし過ぎな気もするけど、面白かった。これからこの作品が続くのか新作書くのかわからないけど、とりあえず期待している。"
"2012/08/23","でーたべーす","false","「出てもいい、打たれ強い杭であれ」を信条とする強烈オタ主人公が地味キャラですらないキャラが死んでいるヒロインをプロデュースする話。ラノベ版「野ブタをプロデュース」だね！（嘘）。内容は流石の丸戸史明で楽しめた上にヒロイン達の声優が自動的に脳内で配置されとても読みやすかったですはい。"
"2012/08/21","ZT","false","タイトルに惹かれて一発購入。もっと濃いやり取りがあるのかなあと思ったが、ヒロイン3人の人物紹介でページが尽きてしまった感じ。一方主人公は饒舌な割には薄めの個性で物足りないが、ゲーム主人公的な軽さを好む人もいるだろうし好き好きか。ところでこの話、メインヒロインの一人称にするとえらくシリアスな話になるんじゃないかな？"
"2012/08/20","mami2011","false","ラノベ作家とシナリオライターは違う脳をしているんだなあと、とてもすんなりした。小説的な伏線ではなく、回想、上書き、会話の合間に差し込まれる言葉など、素直に「上手いわ」と声に出た。その中でも勿論、ラノベ的な仕掛けも見受けられるので、次巻が出るのであれば、楽しみで仕方がない。"
"2012/08/19","白野初葵","false","ゲームなら好感触だったと思います。場面ひとつひとつが強調され台詞の重みも違ったかと。分量からして、後半に発生する懊悩は真ん中辺りに持ってきて、後半にも別の問題を持ってくるようにすると内容も充実し、より楽しめたのかな。物語にしては起伏が足りなかったです。けれどそれはそれ、キャラ萌え一本に絞ったかのような対話対話対話、加藤恵という女の子がいかに可愛いかは伝わってきて、「あれ、これ萌えるかも？」と思わず呟いたりで。フラットな表情も安すぎるのも好かったりで。それでも本気を出そうとした加藤は最高だったりで。"
"2012/08/19","kam","false","面白かった。ラノベというかエロゲな書き方だなあとは思うけど、ネタが分かる人にとってはライトに楽しめる良い作品だったのではと。"
"2012/08/18","マリオ太郎","false","丸戸 史明を知らなかったためか、普通に楽しめた。ただ、ネタは本当に知らないと何を言っているのかわからないし、大きな盛り上がりはない。おそらくネタを理解できないとほとんど中身の無いような作品だとは思う。これから3人のヒロインとのラブコメが始まるんだろうなあ、と期待しつつ恵を応援したい。"
"2012/08/18","草薙静流","false","ぶっちゃけると面白い作品とは言えないな。その一番の理由が主人公にまったく共感出来なかったこと。ハッキリ言うと「WA２」の悪影響を受けた気がしてならない。スタンスもテキストもそのままなのに主人公の薄っぺらさだけが異質すぎて怖い。もしかしたら丸戸サンはこういう作品を書きたかったのかもしれないが、もしそうなら自分が今まで感じてきたモノとの乖離に寒気がします。"
"2012/08/18","SAIN455","false","この作品はオタクが理想のヒロイン像を築き挙げることに対して冷ややかな目線を持っています。自分好みのヒロインを求める自己本位的なオタクに冷水を浴びせたかのようです。また、全体にちりばめられている美少女ゲーム創作論は明らかに稚拙に作られていて、そこで持論を掲げる消費型オタク像には一種の皮肉、あるいは嘲笑が込められており、けして肯定的な見方をしていません。作者がどういう心持で書いたのかはわかりませんが、少なくとも私は読んでるだけでげんなりしましたし、面白いとも思いませんでした。"
"2012/08/17","ドル箱","false","さて感想いきましょう。う～ん「名前ってすごいネームバリュー」なんだなぁ～。文体は丸戸らしいが編集がすさまじく「中学生レベル」トトト・・トト・・ト調のあらし描写がまるで出来ていない。シナリオ作品です。とても小説または本とは呼べない。描きたい事は解るがどういうつもりでこれを書いたのかは疑問を感じ得ない、丸戸よ！電撃文庫の新人クラスでも、もうちょっとマシに描くぞ！これが無名の新人の名前なら売り上げは３分の１か５分の１くらいだろう。あと１巻付き合いましょう。"
"2012/08/17","hirabat","false","メディアの違いって大事だよね……"
"2012/08/15","kouhy","false","会話に含まれる小ネタまで楽しもうとすると、エロゲ、ギャルゲ、2chの経験が必要であり読者を選ぶ作品。ただいわゆるオタクのマス層は全て網羅している（？）ので問題ないのかもしれません。 ゲームと違い誰が話しているのか、が当然明示されませんので、誰のセリフかわかりにくい箇所が幾つかありました（アニメ化のあかつきには問題ないかもしれませんが）"
"2012/08/14","つばさん","false","加藤恵に萌えました！めっちゃいいです。深崎暮人先生の絵素晴らしいです。"
"2012/08/14","葛宮","false","業界の第一線にいた人間だからできる悪ふざけ。"
"2012/08/14","いっしー","false","ギャルゲー界隈じゃあ知らぬ者のいない丸戸史明さんのラノベデビュー作。初版が瞬殺された経緯に加え、ホワルバなどで既に高い評価を得ていた丸戸さんの前評判ばっかり目に入って期待値を上げすぎていたせいか、思ったよりも普通の印象でした。他の方の感想にもありましたが、ギャルゲーのシナリオ創作法に基づいて書かれている文がどうにもとっつきにくい感じ。小説はもっと白文を大切にしないと駄目ですよ。いやまあ、その辺は秋山瑞人と村上春樹とスティーヴン・キングを足して３掛けたようなものを期待していた僕が悪いんですけどね。"
"2012/08/14","masayuki00","false","と●メモ出している時点で、やっぱり対象が３０じゃねーか！とあとがきを読んでて勝手に憤ってしまった。周りの評判から期待して読んでみましたが、それほどおもしろくもなく。WA２をやれば真価が分かるのでしょうか。"
"2012/08/14","あだち大家族（やっすん）","false","丸戸に深崎さんと聞いて買わないわけがなかった。エロゲやってる人なら分かるネタがたくさん入ってましたｗしかしながらいくらメインヒロインが一番人気にならないからって１巻の表紙にメインヒロイン以外の女の子持ってくるっていう辺りがなんとも…自分は加藤さん大好きっすよ！１巻だと物語が動きだし始めるぞってとこで終わって、エロゲでいえばここでＯＰ入りますって感じのとこで終わったので続き早くだして欲しいですｗ　最終的にはやっぱりお得意のドロ沼化なんでしょうか（期待）"
"2012/08/13","1_k","false","布陣だけ見ると最強のコンビ。コンセプトもなかなか面白い方針で。一読して引き込まれ、さすが丸戸先生だな、って。しかし、完全にエロゲの方法論で話を組み上げちゃってるので、ラノベとしてみると、完成度が低くなってしまう……。個人的にはファンなので十分楽しめたのですが。一見さんのライトくんがついてくるのは難しいかも。３０禁ラノベ？"
"2012/08/13","ショウヤ","false","1巻読了時点だと、感想が書きにくいなーと感じた。まだ面白さがよくわからないというか。つまらないわけでもないんだけど……。今後の展開次第ですかね。プレイした丸戸作品（パルフェ、WA2）は大好きなので期待してます。"
"2012/08/13","林左昊","false","面白かったです。これこそ日常の中にいるヒロインです。主人公は運命の出会いであった彼女をもっと魅力的なヒロインに仕立てたいんですが、心を奪われてしまったときからもうすでに彼にとってのヒロインじゃないかなっておもいます。でも性格が鮮烈なほかの二方の方が気に入っているのは自分だけなのかな・・・主に先輩の方だけど・・・"
"2012/08/13","長友","false","まさしく丸戸さんが書いたラノベ！でした。違う意味でのパッケージ詐欺もおなじみ。｢届かない恋｣という単語を使ってくるあたり、ずるい！次巻早くしてほしいので、巻末の宛先に催促のお手紙を書きます(笑)"
"2012/08/12","ペソ","false","主人公がイマイチだが、没個性なヒロインちゃんはなかなか。都合よく才能あるヒロイン二人とか、ギャルゲ作るとかそんなの無くて、普通にラブコメしてくれればいい気がした"
"2012/08/12","F.ｋey","false","目立たない娘をヒロインに、という話だったけど加藤さん普通にいい子でかわいいじゃないですかー。あ、“普通に”だから合ってるのか。他のヒロイン(？)が強烈な個性すぎて普通だと薄いってのも難儀な世の中です。会話のテンポもよかったので、すっきり読みきれたのは好感。ギャルゲネタ、ときメモ2なら食い付けたんだが(笑)"
"2012/08/12","takumi","false","今までにない感じでかなり好きな作品です！！"
"2012/08/11","希無子","false","フラットな加藤さん好きです。"
"2012/08/11","砂糖塩","false","まずプロローグから怒涛のギャルゲーネタに笑いが止まらなかった。全然自分のホームグラウンドから離れていない、この開き直り感。ただ普段のADVでの丸戸節とはまた違った雰囲気で、それでもその読みやすさとテンポのよさは健在でした。ネタがわかれば120％、わからなくても100％楽しめる作品だと思います。続編希望！！！"
"2012/08/11","マナカ","false","とても面白かったです！今までプレイしてきた丸戸さんのADVゲームとは雰囲気が違って新鮮でした。ヒロイン3人、どの娘もかわいいです。丸戸さんは自虐しているようですが、正ヒロインの恵ちゃんかわいいです！所々読みにくい箇所があったのは、あとがきでも述べているように丸戸さんがラノベ初心者からなのか、自分の読解力の無さなのか。ゲームではとても頭にスッと入ってきて読みやすいのですがねwともあれ継続購入決定です、次巻がとても楽しみです。"
"2012/08/10","伏雛","false","コミケに向かう車内で読了。ギャルゲーネタが自分の年代的にタイムリーでした。"
"2012/08/09","Aria","false","丸戸さんの新作ですが、駄目な大人と可愛い後輩がまだ出てきてないのが気になります。次巻以降に登場するのかなぁ"
"2012/08/09","如月","false","メインヒロインの設定と地の文が少ないテンポの良い会話で繋ぐというところがラノベには珍しい。特に会話のテンポはエロゲライターらしさを感じた。ただ、ネタ的にギャルゲー現役世代でないと１００％楽しむことは出来ないだろう（ときメモを除く）。主人公の個性がありそうでないところは、ギャルゲー主人公を彷彿とさせる。その分、ラノベでは主人公への共感というか感情移入が難しいところが評価の分かれるところか。取りあえずプロローグ終了で次巻に期待。"
"2012/08/09","しろぶ","false","★★☆☆☆これで普段の対象年齢の半分だとしたら、普段の丸戸は60代向けに書いてたのか！ 15歳向けで作中のギャルゲの例としてときメモはねーだろ。そりゃここ数年ヒットしたギャルゲなんてないけどさ。話自体はスロースターターらしくエロゲの薄味日常話を読んでるようで、中盤までちょっと苦痛。終盤は面白かったものの結局主人公は何もしてないに等しいよね？ 全然生産型オタクじゃないよね？"
"2012/08/09","綾瀬","false","正直に言えば続編はいらないかなぁ。 良くも悪くも綺麗に終わっていると思うので、蛇足な気がします。 話自体は面白かったけど、加藤さんは地味じゃないと思います。 可愛いです、可愛いは正義。"
"2012/08/09","LJ_MAKKI","false","初丸戸。表紙は正しい。"
"2012/08/09","TTakeshi","false","ときメモ攻略シーンに吹いたｗ虹野さんエンディングに涙する主人公達は良い奴だｗｗでも、やっぱり、みはりんが最高です。 難しいキャラをメインに扱おうとしているので続きがあれば読みたい。"
"2012/08/08","うちだ","false","加藤さん、個性がないと言う割にはかわいいと思うんだ。"
"2012/08/08","asaga","false","ゲームのAVGをそのまま小説にしてしまった感じ。そのせいで誰の台詞が分かりづらいことが多く読みづらかった。恋愛部分の伏線の回収の仕方というより、伏線の張り方は好きです。"
"2012/08/07","aegiscat","false","メインヒロインであるところの加藤さんが可愛すぎる。普通すぎてというか、ちょろすぎるのか、掴みどころがないのか。ただ、１巻の表紙として、エリリなのは、どういう意味だろう。続いたら嬉しい。"
"2012/08/07","ニキ【書籍】","false","読んでてなぜか不安になった"
"2012/08/06","NullPoEx","false","普通に魅力的なヒロインだと思いますけど…。多分、主人公の求めている女性像がおかしいんだな。 フラグに対するスルースキルが高いヒロインは十分に面白いので、他のラノベでも出てこないかな。 ギャルゲーみたいなヒロインだと個性が強すぎて疲れそうです。 気に入ったキャラ：恵。気に入った挿絵：77P。お気に入り度：★★★★☆"
"2012/08/06","TANS","false","エロゲライターらしく会話多めのテンポのいい文章でサクサク読める。プロローグとしては良い感じだが、現時点では主人公にあまり魅力を感じないかな。"
"2012/08/06","だーく","false","往々にして何を考えているか良く分からないヒロインというのはミステリアスか電波か天然のいずれかのような気がしますが、ニュートラルで常に漂う安心感が迷彩の役割を果たすという個人的には新感覚のヒロインでした。そう、恵が何を考えているのか掴みづらい中で英梨々と詩羽が結構分かりやすいという状況下でにわかに期待が持たれる多角関係。1巻だけだと劇的な出来事が有るわけでもなく「冴えない」感じではありますが、この着実にボディブローを打ち込まれてる感覚はドM的にたまりませんね。"
"2012/08/06","tekitouotoko","false","メタギャルゲー。丸戸テキストがADVに最適化しており読みにくい(個人的には好みだが)ようにかんじる。"
"2012/08/05","高橋硅","false","丸戸さんのファンとして、氏はやはり中高生よりも大学生～社会人を描くのが得意分野なんだなぁと思う作品。"
"2012/08/05","るーしぇ","false","加藤さんちょーかわいい。"
"2012/08/04","ばんしょーじ","false","面白いけど、主人公の目標が突飛すぎて共感できなかったのがちょっと残念。"
"2012/08/03","長月みー","false","ギャルゲーって不思議だよね。興味なかったヒロインとか攻略後にはラブだもんね。全キャラ攻略後とかみんな大好きだもんね＼(￣∀￣*)宇宙だ… なんだろ…恵ちゃんが他のラノベヒロインと同じことしてる感じなのに心に響かない…むしろ他の二人のほうがヒロインぽい"
"2012/08/03","血まみれスプラッタ","false","加藤恵が萌えない・冴えない？そんな事はあるかっ！と言いたくなるほど普通に可愛かったです。キャラ立ってますよ。これでもかって程パロが多いですね。次巻が非常に楽しみです。"
"2012/08/03","猫殿宰相","false","丸戸作品はエロゲがいい。なぜなら全ヒロインを攻略したいから！・・・・と言いたいところなのだけれど、この１巻はエロゲでいうなら体験版というかプロローグに過ぎない感じでそこまでの魅力も感じていないというか。"
"2012/08/02","cec","false","ああ、これはおもしろかった。何のことはない、フラグブレーカーは主人公も一緒じゃないか。過去にフラグを折られたっぽい二人の先人と併せて、これからヒロインとの関係がどう転んでいくのか。過去のヒロインにも指摘されていましたが、主人公は結構飽きっぽいところがありそうなので、加藤さんも開花させられたとたんに捨てられちゃうんじゃ？と心配になります。 加藤さんは、ギャルゲー的な意味ではヒロインになりづらいキャラ設定かもしれないけど、ラノベ的には普通にキャラが立っている気がします。"
"2012/08/01","ひでじろう","false","1巻表紙がヒロインじゃない、というだけで、踊らされて購入。ｗｗ　全体的に面白かった。恵の行動原理がまだよくわからないところがあったけど、それはこれから続いたら、明かされていくのかも。"
"2012/07/31","はまち","false","安心の丸戸シナリオ。とりあえずキャラの配置を終えてして一旦終了、ゲームならここでＯＰでも流れる場面なのでこれからに期待 ただライトノベルならではの丸戸を読みたかったからゲームの時とあんまりかわらないのはちょっと残念"
"2012/07/31","Daijirou","false","ちょこちょこと伏線と思しき記述がみられるが、続くような終わり方には思えず。とりあえず主人公はエリート同人ゴロになれる素養のある人物なのはわかった。"
"2012/07/31","salami","false","大して盛り上がりもないのに面白かった．設定やらキャラやらが上手いよなぁ"
"2012/07/31","heXa","false","加藤さんはそのままでいいです"
"2012/07/31","物心","false","丸戸史明さんと深崎暮人さんがタッグを組んでラノベを出す時代。メインヒロインは、金髪美人の同級生でもなく、容姿端麗で毒舌な先輩でもなく。いや、加藤さんそのままでも充分可愛いわ。萌えとかじゃなくて、可愛い。地味ですら無い加藤恵をヒロインにして、ゲームを作ろうとそういうお話。どうすれば、ヒロインになるのか。ヒロインってなんだ。ちょっと視点や選択を変えるとあら不思議。充分萌えるじゃねぇか。倫也と他の二人の関係もちょっと掘り下げて読みたいなぁということで続刊楽しみに。安芸倫也は主人公になるのだろうか。"
"2012/07/31","takave","false","1巻の表紙にいるのがメインヒロインじゃないという時点で設定を暗喩していて面白い。個人的な好みでいうと、主人公が理想とする姿よりも、自然体の加藤さんが可愛すぎて生きるのがつらい。"
"2012/07/30","Yoshihiko Tada","false","大満足。"
"2012/07/30","ならまさ","false","周りを主人公を含めて濃すぎるｷｬﾗで固めて自己主張の少ない「友人ﾎﾟｼﾞｼｮﾝ」のﾋﾛｲﾝのｷｬﾗを立たせるというｷｬﾗ設定の勝利。意図的なのか地の文が少ない会話主体の行間を読ませるﾃｷｽﾄにｷﾞｬﾙｹﾞ・ERGﾈﾀ全開の本編は今までのｼﾅﾘｵﾗｲﾀｰ丸戸氏のﾌｧﾝには歓喜で受け入れられそうな反面、そちら方面には普段縁が薄い読者にとってはかなりとっつきにくいのではないだろうか？現実では折れてしまったﾌﾗｸﾞを立たせる事ができるｷﾞｬﾙｹﾞの素晴らしさよ！【☆☆☆☆☆】"
"2012/07/30","HTSH","false","続刊ありきなのか、これからの展開を紹介って気がして物足りない感じです。内容も頭にあまり入りませんでした。会話が多くてテンポもいいんですが、多すぎて場面がよく分からないところもあります。そもそも、主人公の自分語りが多すぎて、何を推したいのかよく分かりませんでした。続刊読まないと魅力が分からなさそうな作品ですが、一巻だけ見てるとどうしようかというところ。ゲームのシナリオライターだそうなので、ゲームのほうにも手を出したほうがいいのかな・・・"
"2012/07/30","永山祐介","false","ことごとくフラグにならない、ごく普通のヒロインが可愛い。でも寵愛は絶対先輩だよね（というか丸戸ヒロインっぽい）。ただ、会話文のみのところがちょっと多くて気になったな。"
"2012/07/29","一条@遊び人","false","設定と作者がエロゲのシナリオライターということから、そっち系のネタの多いこと多いこと。メインの加藤さんはあそこまで行くと逆の意味でキャラ立ってるよね。ギャルゲ的に考えると他二人のヒロインは分類しやすいけど、加藤さんは完全にモブ側に分類されるから倫也としては困りもの。普通に加藤さんとくっつくのがきれいな終わりのような気がするけど、果たしてどうまとめるのやら。"
"2012/07/29","roa","false","まあ、普通に面白かったです。元がエロゲライターということなんで、それらしい作品だったんじゃないかなあという印象。やっぱりヒロインの書き方が上手いですよね。あと、加藤さんは今のままでも十分萌えます。どうかこれからもぶれないでくださいw"
"2012/07/29","似非探偵","false","【購入】業界ネタに頼りすぎ。この作者はあまり流行や2chネタを使わず、普遍的な会話を楽しく描けるので好きなのだが、今回はテーマがオタクのせいか上手く感じなかった。まだ1巻なので以後の展開に期待。（ラノベよりもこの丸戸、深崎ダッグでゲーム作って欲しい…"
"2012/07/29","竹花　樒 - Shikimi Takehana","false","「運命の出会い」を果たした女の子への一目惚れを正当化するために、その子がヒロインのギャルゲーを作ろうとしたら身近に美少女同人作家とラノベ作家がいたよ、というお話。ゲームのシーン構成を連想させる見せ場にやや戸惑った節はあったが、「プロローグ」が終わったあとの一抹の切なさは氏の作品のエッセンスを強く感じた。「ラノベのメタ」を自作ヒロインの批評に援用する「計算」は、ある意味丸戸作品の「異性を好きになろうとすること」の裏側を形成する「一目惚れが無い世界観」の問題系をクリティカルに浮き彫りにしていたのかもしれない。"
"2012/07/29","カインズ","false","【無料の体験版なら、これで良いのかもしれないが】★★☆☆☆　無個性でパッとしない現実の女の子をヒロインとしてプロデュースするゲームを作ろうとする主人公の物語。内容は、ギャルゲートークと多少の登場人物紹介がされる位でストーリーがほとんど進まないため、この巻を読まずに次の巻を読んでも問題無いのではないかとさえ思ってしまいました。ギャルゲートークも大して面白さに繋がっていないように感じます。恵は、天然キャラとしてキャラが立っている気もします。彼女の無自覚な発言は、面白かったです。"
"2012/07/29","alone","false","所々にエロゲネタが盛り込まれた内容、個人的にほぼ全のネタに精通してたので楽しめたがラノベ勢からすれば閉じコンかもしれない。ときメモとかヘタしたら若い世代知らないだろうし･･･ともあれ改めて自分が丸戸好きだと実感しました。次巻ではもっとヒロインデレるといいな〜"
"2012/07/29","kama_meshi","false","モブ属性の子をメインヒロインにというアイデアと、軽妙なテキストで気軽に楽しく読めた。ネタで挙げられていたギャルゲーストライクな世代でもあったので、そちらも楽しめた。"
"2012/07/29","テツ","false","あとがきに書いてあった対象年齢と大きくズレがあるような気がするけど大丈夫なのだろうかｗ今巻はゲームで言えば共通ルートの序盤であり、まだまだ盛り上がってない所なので、今後に期待。折角のコンビなので、是非続刊を出して盛り上げていって欲しい所。"
"2012/07/28","邑楽空宙","false","うん、恵ちゃんが表紙じゃなくて正解だったわ。丸戸さんなのでラノベというよりギャルゲっぽいね。１巻終わったあとにOPムービー入りそうな感じ。冒頭のゲームは、「この青空」「おとぼく」「けよりな」「SHUFFLE!」「東鳩2」「恋チョコ」「マジ恋」かな…？　中盤のネタは殆どわからなかった。「30禁ライター」なんて呼ばれてたのか。続きが気になるが、恵メインじゃ長続きしなさそうだけど、かといってあと二人でも…。2～3巻くらいが目処かなぁ"
"2012/07/28","征ちゃん","false","元々がエロゲライターであるせいなのか、癖が所々に滲み出ていた上にネタそっち系中心なので、ラノベに偏っている人は読みづらいんじゃないかと思いながら読んだ序盤でしたが、流石丸戸史明先生でした。 昨今のラノベにありがちなサービスシーンはないですが、丸戸文明先生の文章力×深崎暮人先生のイラストでも十分にキャラが立っていました。 中盤以降はいつも通りその文章力に魅入られ、いつの間にか読み終わっているという……。 全体的に見ればまだまだプロローグが終わった所なのでしょうが、次巻が出てほしいようなそうじゃないような……"
"2012/07/28","青豆","false","冴えないヒロインとオタクな主人公がグダグダでなんとなくゲーム制作するんですが、序盤はちょっと物足りませんでしたが、中盤あたりから恵を連れ回したりする所から面白くなってきました。最後は、恵に対する想いを打ち明けて欲しかったのですが・・・読了がなんだかモヤモヤ感が残りました。まあ、続きが気になる一冊です。"
"2012/07/28","ごんゆー","false","何だろう……面白い、と言うよりは加藤さん超可愛いじゃないですか！っていう感想しか出てこなかった。周りが抜きん出た人たちだからか倫理君がすっごい空っぽな感じがしてページは進むんだけどイマイチのめり込めなかった。"
"2012/07/28","pahya","false","エロゲでは有名な丸戸氏のラノベデビュー作。文章の節々に氏の雰囲気をまとったものが感じられ、さらに一般・エロゲ問わず古今東西の有名作のパロディを盛り込んで楽しく読ませてくれます。偏見かもですが、ラノベにありがちな取ってつけたようなサービスシーンがなく、そういう意味ではラノベの売れ線やメイン購読層からは外れた作品のような感じもあります。まあ登場人物たちは18歳以下を強調しながらも、明らかにその手の作品に触れているであろう下ネタ描写（サービス？）もありますがw てかそうでないとエロゲパロディ盛り込めないかw"
"2012/07/27","banaboza","false","エロゲや同人ネタを盛り込んで一部の人には黒歴史みたいな内容も盛り込んでそういう経験のある人だと死にたくなるような話 とりあえず私的にはなんとも言えない微妙感が まぁもともと丸戸作品は好きではないが・・・ あとがき曰く読者年齢を若めにって話だがネタ的に分からないだろ感があるんだが そんなことよりも衣笠も今月ラノベで出したしエロゲ業界からラノベに流れすぎだろうと・・・ エロゲライターはエロゲ書いてろよと"
"2012/07/27","はかせるオムツムーニーマン","false","なかなか面白かった　完全に次の巻に期待だけど　 でも売り上げをみて驚いた　アニメ化されたラノベが殆ど上位をしめていて これはかなり下　新作ラノベを定期的に買う人は増えていないってことですね　こんなんじゃお先真っ暗ですねこの業界"
"2012/07/27","けーけんち","false","エロゲで例えるなら、５時間かかる共通√を１時間にまとめてみましたって感じ。文章からエロゲ風味がほとばしることで、ラノベっぽくない。立ち絵とグラフィックがないから場面がわかりずらい。とりあえず、個性的なキャラが多くてかわいいよ！"
"2012/07/27","うっち","false","恵ちゃんかわいい！そして今まで読んだこと無い様な内容でした。続編も楽しみ＼(^o^)／"
"2012/07/26","bas","false","ああ、エロゲ制作って食えない職の筆頭なんだなぁ…　というわけでエロゲライターの脱北作品。氏の手癖満載なので、エロゲでどんなのが評価されてるか知りたい人にもお勧め。多分、続巻ではOLが出てくると思うよｗ"
"2012/07/26","Ency [L-N]","false","加藤さん普通に可愛いだろ！ って、ああぁ「普通に可愛い」は褒め言葉になってない気もするので改めて、加藤さんは可愛い！　ヨシこれでいいな。作中での加藤さんの付き合いの良さとか、置いてけぼり状態に陥ってる時の形容「フラット」なカンジとか、いいねー。加藤さんの個性の希薄感というか、主人公も言及してるけど、主人公に振り回されていながらも、その安心感というか安定感？ｗ スキだなぁ。個性的キャラたちがドタバタやるのも面白いけれど、こういうのも面白いね。いや、加藤さん以外は主人公はじめ大分個性的なキャラ揃いだけどｗ"
"2012/07/26","厨二バトルロリスキー","false","一冊のラノベとしてみたら少し読みづらい部類に入ると思う、これがエロゲーなら会話のやりとり、例えば壊れた扉の所とかで画面効果とか入ってるはず、そんなもの当然ラノベでは入らないのですぐには何が起きたのか分かりづらい場面がある、ただこれは慣れれば問題ないかな。正直丸戸作品はエロゲーで楽しみたい、全ルート楽しみたいです。これがエロゲーならここまではまだ序章というか少し長めの体験版だよね。続きが早く読みたい。"
"2012/07/26","如月ふきの","false","注意：表紙の女の子はメインヒロインではありません。どオタク主人公輪也と地味キャラなし少女加藤恵の目指せ！ギャルゲーヒロイン話。恵可愛いと思ううんだけどなぁ。最後の方で無意識にイチャついている二人は、ニヤニヤものでした。今回は序章の印象。次巻が楽しみです。"
"2012/07/26","有海２０００","false","発売して即重版掛かったエロゲ界のビッグネームのデビュー作。業界ネタでさんざん笑わせてもらったけれど、登場人物紹介だけに１巻全部費やしてほとんど物語は進んでない印象。同じエロゲ出身作家の「～の侵略者」並のスローペース。畑が同じだと作品も似るのか？続巻が出そうな終わり方ではあるけれど、どんな未来が待ってるのだろうか。安芸みたいな同人ゴロが成功してしまう未来っていうのもなんか嫌だしなぁ。女の子が増えていく未来も修羅場しか想像出来なし…、ともかく次巻、お手並み拝見と言ったところか。"
"2012/07/25","田中太郎","false","エロゲ業界ではかなり有名なシナリオライターの丸戸史明さんのライトノベルデビュー作。相変わらずテンポのよい会話であっという間に読めてしまう。かなりオススメ♪"
"2012/07/25","酢橘","false","丸戸×深崎のその道の人なら涎を垂らす豪華なコンビ。エロゲでやれ。内容は何か丸戸さんが試行錯誤してる感が見て取れた。２巻以降も期待、ちょっとドロドロしそうな感はある。あとえりりんの負ける未来が僕には容易に想像出来るのですが・・・やめて！虐めるんでしょ！？WA２のかずさみたいに！"
"2012/07/25","ころん","false","ある春の日、桜が舞う坂道で、白いワンピースを着た女の子と運命的な出会いをした倫也。インスピレーションを受けた倫也はゲームを作ろうと思い立ち、売れっ子同人作家と現役女子高生ラノベ作家に話を持ちかけるが断られてしまう。そんな時、倫也は運命的な出会いをした女の子と再会する。冒頭２ページのえろげネタでニヤニヤできる人向けではあるけど、読みやすいのはさすが。地味っ子加藤さんがかわいい。でもどんな子なのかいまいち見えてこないし、キャラ紹介で終わってしまった感があるので次巻以降に期待。でもこのコンビならえろげで(ry"
"2012/07/25","いけちょ","false","先輩ルートで！先輩ルートでお願いします！ってしまったこれゲームじゃねぇ。 いや加藤さんもいいんですけどね。丸戸さんだし最後までついていく覚悟は最初からできてるのでとりあえずは11月の2巻待ち。"
"2012/07/25","リクシア","false","ましろ色？　なかなか進まない話だったけどいい感じ"
"2012/07/25","fuzzy2","false","BOOK☆WALKERで購入。金髪ツインテールはいいよね。"
"2012/07/25","彬","false","会話の応酬が秀逸。シーンごとに起承転結があって落語のようにオチがつく。最初から最後まで適度に軽く、読んでて楽しかった。 ラノべとしてはこれでいいのだろうけど、でも丸戸さんのゲームファンとしては、多少売れ線から外れてでも30禁の物語で本領を発揮してほしかった。"
"2012/07/25","kws","false","表紙なのに英梨々の負け組ヒロインオーラが凄い…加藤さんもう立派なメインヒロイン。2巻も11月に出るらしいので期待。"
"2012/07/24","jyuzon","false","なかなか面白かった。加藤は”萌え”ではなく”かわいい”。主人公がルールにやたらと厳しいという設定は次巻以降に活かされるのでしょうか。"
"2012/07/24","といぴ","false","ヒロインが地味すぎて、逆に新鮮な作品。お勧め度；★★★☆☆"
"2012/07/24","デイ","false","運命的に出会ったのはキャラが死んでる女の子でした。これはそんな彼女を立派なヒロインにプロデュースする物語。誰か冴えないd…冴えない僕を育てて下さい。一食500円月１万の小遣いがもらえたら僕満足なんで…読みにくいとこもあったけど面白かったです、加藤さんいいね！冴えなくないよ！十分だよ！彼女の安定感、動かざること山の如しだよ！大抵の人が家庭に何を求めるかといったら安心心の安寧なんだよ、彼女は多くの人が希望するものを持ってるんだよ、これはすごいアドバンテージだよ！つまり何が言いたいかと言うと加藤さんは可愛い！！"
"2012/07/24","せんり","false","個人的にはこれはちょっと…まぁその…あれだ、絵が可愛かったですまる"
"2012/07/24","吉兆","false","脚本的な文章の良さがつまったような文体に憧れる。"
"2012/07/24","souma","false","暫くゲームから離れているとはいえ、１Ｐの元ネタがほぼ全部分かった自分はまだまだ捨てたものではないと思いました。久々に丸戸史明の文章を読みましたが、やっぱり好きだなぁ。でも、完全にライターのままのノリで書いているので、この作品から入る人にはどうなんでしょうね。あと、恵さんは今のままで十分可愛いので余計なことしなくていいと思います。"
"2012/07/24","ぱんにゃ","false","おもろかった。丸戸氏と深崎氏のタッグとか最高すぎる。まぁでも、おすすめできるかというと微妙。ラノベ読みで丸戸氏を知っていてギャルゲー好きは買いだと思う。そうでなければスルーでもいいかも。"
"2012/07/24","アヒコ","false","こういうヒネクレたヒロインはツボ。"
"2012/07/24","m-bird","false","すごい面白いんだけど、読みづらいという謎の感想。キャラ絵及び背景を思い浮かべながら読むと……読める。 テンポは凄く良くて、いつもの丸戸や〜最高やで〜また嫉妬ものか〜メインヒロインまた地味子か〜ってなるんだけど、やっぱりゲームでやりたかった。マルチエンディング求む。攻略されない(であろう)ヒロイン達が可哀相……(´;ω;`)ﾌﾞﾜｯ"
"2012/07/23","藤崎","false","最初の２ページのネタ羅列で８割方該当作が思い浮かぶレベルにも関わらず、所謂丸戸作品はやったことがない私ですが、構成がすごくゲーム的というか、そっちの知識があること前提になってる気がしました。確かにゲームとラノベって両方やってる人が多いでしょうけど、もしゲームやらない人が読んだらお約束がわからないからすごく読みづらく感じるんじゃないかな・・・内容についても、キャラが立ってたり今後の展開が色々ありそうなのはわかるんですけど、それこそゲームに例えれば体験版終了時点くらいで終わってるので、正直今後に期待かな・・・"
"2012/07/23","REV","false","ここで、ムービーが流れて、共通ルートに入り、好感度で分岐、マルチエンディングですよね！？"
"2012/07/23","ぺてがり","false","ギャルゲ脳の主人公が一目ぼれしたと思われるメインヒロインをモデルにしたギャルゲを作ろうとして他のサブヒロインを引き入れようとするお話でした。お話としては情景描写が少なく掛け合い中心で進む感じで、今どんな状況なのか判りづらい感じでした。ストーリーもあまり起伏が無く、キャラ紹介だけで終った感があり微妙でした。なお、キャラは主人公があまり魅力なく、サブヒロインのハイスペックぶりもキャラとしてうそ臭い感じがして個人的にはいまいちでした。ただ、メインヒロインは可愛いかなと思いました。"
"2012/07/23","kururu","false","表紙の澤村がヒロインと思って買ったら違ったというー。"
"2012/07/23","がれ","false","主人公の痛さに慣れるまで大変だった。中途半端に打ち切られたら泣くと思うので、応援していこうと思います。"
"2012/07/23","名無しのオプ","false","ギャルゲーを愛し、ギャルゲーを憎む、すべての人々に。ホワルバ2から丸戸さんを知ったわたしとしては……こんなにギャグ満載の話を書く人だったのねえ、と。どのあたりで笑ったかとか調査するとどのあたりの世代のひとなのか分かるかもね。愛知近郊ネタがさりげなく差し込まれているのも、お約束通りなんでしょうねえ平和さん。"
"2012/07/23","meltis","false","イラストが深崎暮人さんで俺得！と思っていたら、作者が丸戸さんだったというね・・・。自分は丸戸さんがシナリオを書いたエロゲはまだプレイしたことがないのだけれど、それでも何本かはエロゲやったことがあるので大体わかったし楽しめた。ただ、ラノベは好きだけれども、このコンビが組めるのであればエロゲでやりたかったかな（ギャルゲでも可）。マルチエンドのほうが楽しそうだし。イラストもっとたくさん見れるし。"
"2012/07/23","朋","false","丸戸シナリオのゲームをやって面白いと感じたなら楽しめるはず。さらに美少女ゲームをある程度わかる人ならさらに楽しめる。中盤まではパロネタが多めでそこも好き嫌いがありそう。そうはいっても掛け合いは面白くさすがとしかいいようがない。ゲームネタとか入れてる割に爽やかな感じ。個人的には大好きです。まあでも深崎丸戸コンビならゲームの方をやりたかったってのが本音"
"2012/07/23","しーた","false","☆４試し読み→あとがき→本編→あとがきの順に読んだ。丸戸さんの言うところの、瑞々しい感性に訴えかけるよう、に書くとこうなっちゃうのかーと若干不満はあるものの、最期まで読んでやっぱ丸戸さんは最高だぜ！と思える作品だった。加藤さんの安心感は異常。"
"2012/07/23","pipp","false","丸戸さんの名前を見て迷わず購入。表紙のがヒロインだと思ってたよ、丸戸さんのコメントを読むまでは。読んで納得。読み終わって思ったことは、「丸戸作品がまたやりたくなった。」でした。"
"2012/07/22","hal_7","false","エロゲでやれ感 ／ 本当にプロローグ、といった感じなので…。これからを期待してもいいのだろうか…"
"2012/07/22","Mono","false","キャラが立っていない女の子をメインヒロインにするために奮闘するボーイミーツガールもの。ゲームのイラストが動くことを想定したような文章が一部混ざっているのが少し気になりましたけど、楽しめました。加藤さんは主人公が思うよりはヒロインしてて可愛かった。なんだかんだで主人公に付き従うその姿勢がいい。終盤ギリギリまで、キャラの立ってる方のヒロインふたりの紹介に費やしてたけど、もっと加藤さんと主人公のやりとりを読んでみたかった。長いプロローグを終えたこれからが楽しみ。"
"2012/07/22","きゃめる","false","「キャラ付けの薄いおんなのこをヒロインとして際立たせる」とゆー話。つっても、リアルでこんな娘いたら惚れるだろjk　作者お約束の裏ヒロイン真ヒロインも抜かりなく用意して、信者としては本編の出来をたまらなく期待せざるを得ないよね。・・・え、プロローグ的体験版じゃないのコレ？"
"2012/07/22","エノキ","true","うーむ、率直に言うと読みにくかった。会話文でもう少し句読点を有効に使って欲しい。後は描写も足りないかな。ゲームでは絵で表現できるところは極力描写しないので、いつものスタンスでラノベを書いているように思える。ゲームだったら、もうちょっと面白い作品になったのかもしれないけど、今のところはいまいちとしか言えない。巻を重ねるごとによくなっていくかもしれないので、もう少し様子を見るつもりである。"
"2012/07/22","くろのすけ","false","十分メインヒロインですよと言いたくなりますええ。いかにも丸戸さんの書く文章といった感じ。"
"2012/07/22","白矢","false","加藤さんすげーです。かなり強引グマイウウェイな主人公に振り回されているのに特に異を唱えるでもなく普通に付き合ってしまえるのはものすごい長所ではないかと思うわけで。ただ逆にこの付き合いの良さがあって外見も良いのに影が薄いってのがどうにも結びつかずまあそういう設定って事でと無理に納得した部分もあったり。加藤さんはもっとその内面が知りたくなる気になるヒロインでした。2巻ではその辺りをぜひ。幼馴染や元カノメインにならないことを期待。あとは会話とギャルゲエロゲネタの多さは多少気になりはしたかなぁ。"
"2012/07/22","mari","false","会話主体で読みやすいはずなのに読みにくかった。氏のエロゲーはプレイしたことがないのですが、良くも悪くも文体がエロゲシナリオという印象。地の文でもう少し補完しながら書いていただけると置いてけぼり感が薄まるのではないかと。"
"2012/07/22","2代目フーガ","false","先にここの感想を読んで、なんか微妙みたいと思いながら読みはじめたけれど全くそんなことはなかった。やっぱり自分は丸戸さんのテキストが好きなんだよなと再確認。特に先輩と幼馴染の会話。 結構最後の方まで俺がヒロインにしてやるの意味が分からず加藤さんの飯能癒されるなーで流してたけれど意味が分かるとそれはなかなかまっすぐな物語なんじゃないかと。まあやっぱり斜め上に走ってる気がするのは主人公の設定上仕方ないのかもしれない。"
"2012/07/22","524","false","☆８　運命的な出会いをした女の子をギャルゲーのヒロインにしようとたくらむ主人公のラブコメ。冴えないヒロインって表紙の女の子じゃないのかよ！と思ったり。PCゲーはほとんどやらないので作者名や絵師、ところどころに出てくるPCゲーのパロは有名なのしかわからなかった。が、それでもラブコメとして割と面白いと感じた。１巻は完全に序章なのでスタートラインに立ったところだが、次にも期待したい。PCゲーならここで共通√が終わるんだろうなあ。【お気に入りキャラ：霞ヶ丘詩羽】"
"2012/07/22","尚侍","false","「丸戸氏、楽しんで書いてるなぁ」というのが一番しっくりくる感じでした。彼の「本業」の凄さを多少なりとも知っている人間なので、それから比べたら本作のなんと自由奔放なことか。冒頭部分でのエロゲへのオマージュといい、所々にちりばめられた冗談とも本音ともつかない業界ネタといい、普段あまりうかがい知ることのできない丸戸氏の本音ともグチともつかない部分をこうした形で知ることができたのは収穫でした。おまけに挿絵は文字通りの神絵師降臨で、このコンビでエロゲ作ってくださいよというのが偽らざる本音ですね。"
"2012/07/22","とろろろ＠剣の試練","false","加藤さんが既に十分可愛い件。特集ページにあった絵が口絵に無くてビックリ。どこいった？(http://www.fujimishobo.co.jp/sp/201207fantasia/) 丸戸さんのシナリオは戯曲/脚本寄りと認識していて、(失礼ながら)ラノベを書けるライターじゃないと思っていました。予想通りラノベでも地の文は少なく、句読点の位置も変なところについてます。なので期待せずに読み始めたのですが……これが予想外の面白さ。マルチプロセスの会話劇はいかにも丸戸作品の面白さだし、映像なくても脳内補完できる。"
"2012/07/22","nin=scene","false","私は加藤さんが好きです！ エロゲのライターだけあって、ヒロインが皆魅力的ですね。主人公とヒロインたちとの会話も面白く、飽きずにどんどん読み進められました。話に大きな山場等はありませんでしたが、そこら辺は2巻以降に期待ですね。続きが早く読みたいです。ですが、エロゲ(ギャルゲ)ネタが多いので、それらをプレイしない人だとちょっと付いていけないかもしれません。"
"2012/07/22","taicya","false","わりとあっさりだったなーと。シリーズものなんですかね、キャラの顔見せとしての色合いが濃かった一冊。キャラクターの端々に丸戸節ともいえる一物抱えた感じが見られるものの、鞘当てになるかはわからないが、キャラクター同士の絡みが薄く感じた。これからに期待、になっちゃうなー。"
"2012/07/21","いるだふ","false","★★★★☆"
"2012/07/21","ぱぶ","false","やっぱ丸戸さんのヒロインは好きだった"
"2012/07/21","gayuu_fujina","false","もう富士見Ｆは固定作家の本しか買ってないから、偶々ドラマガ表紙の宣伝文字で気が付かなかったらスルーするところだったわ…。しかしこの組み合わせはそのままエロゲ作ってくれとしか(爆) 同人誌あとがきはコレを指してたのね。内容に関しては丸戸安定でサブヒロインがメインを食うのはお約束。…ゲームと違って別ルートとか無いのにどうすんだよとか思いつつ、色々と黒い噂の多い編集部に使い潰されないことを祈りたい。"
"2012/07/21","gakushin03","false","ブログにて感想書いてます。 http://gakushin03.blog82.fc2.com/blog-entry-545.html"
"2012/07/21","Suicidal Mime","false","序盤から中盤にかけてはゆったりとした高校生活のとりとめもない話で、それはそれで楽しそうではあるんだけど、最終版に一気にこれまでの内容を色鮮やかな恋愛物語に昇華させるような構成が見事だった。他の人も書いてたけど、ゲームだったらプロローグが終わってOPが流れそうな場面で、続きが気になるところで終わった。早く２巻が読みたい。"
"2012/07/21","alleine05","false","起承転結でいうところの転が弱くて結が唐突であっさりだった感じ。今回は各登場人物の顔見せだけで終わってしまった気が。この一冊だけでももうちょっとしっかり盛り上げた上でまとめてほしかったな。まあそれでも続巻あり前提ならこれでもいいのかもしれないが、あとがきからすると続きがあるのかどうかは売上次第のようで、なんだかすっきりしなかった。"
"2012/07/21","Hirapon","false","我らが30禁ライターのメジャーデビュー作。媒体がラノベである事がつくづく残念でならない。どのヒロインも一物抱えた、非常に丸戸作品らしい「狭く深い」作りであり、魅力的。会話の軽妙さが彼の特徴の一つではあるけど、小説にするとその地の文の少なさが、かえって「ゲームの方が良いな」と思わせてしまうのかもしれない。しかし三人とも非常に魅力的なんだけど。これどーすんだよ。いつもの裏ヒロインできないんだけど。強いて不満を言えば、主人公をギャルゲーオタに持ってきたところか。余りに生々しくて加藤さんじゃなくても引くよ、うんｗ"
"2012/07/21","RENPOUNASU","false","ギャルゲネタのちゃかしに地方ネタにテンポの良い言葉遊び、絶妙なキャラ配置にとっ散らかってる様に見えてきっちりと終盤にかけて一本の話としてまとめてくる構成力。変化球のように見えて読み終わってみればきちんと王道、ボーイーツガールになっているあたり、さすがの丸戸節で個人的には文句なし。会話文、主人公の一人称の地の文が主体とギャルゲの色が色濃いく、その手のゲームの素養がないと合わない部分があるかもというのが懸念点でしょうか。"
"2012/07/21","カーサ","false","媒体が小説ではなくビジュアルノベルならば、もっと面白いんだろうなあ……という感じ。テキストがゲーム過ぎる。ページを繰っているのになぜかマウスをクリックしている気分に。　小ネタがわかるかどうかで楽しめるかが決まってくるような……。次巻が出るなら、話よりテキストに力を入れてほしい。"
"2012/07/21","torta_fl","false","面白かった。読む動機が「おっ丸戸がラノベ出したのか」って人なら間違いなく満足できる。業界ネタやら自身の体験談が散りばめられてて面白い。過去の因縁ありの面倒くさい女とか出てきたり。かわいいとは別の感情でニヤニヤした。ネットスラングや各種パロネタは出てくるけど半ば信者なので別に嫌悪感はなかった。逆に別に作者のファンでもなくエロゲやったことない、パロネタやらネットスラングやらがあると寒気がする人だと楽しめないんじゃないかと思った。読んでてテキストウィンドウと立ち絵が頭に浮かんできたし、完全にそういう人向けな気が"
"2012/07/21","九朔","false","丸戸さんの書くシナリオ好きな人にはオススメです。　今までがエロゲだったせいかPCゲーとしてやった方がおもしろいと感じることも・・・。　内容的には今になってはありがちな設定かもしれないけど、うまくまとめられてた。　エロゲのパロネタが多いのであまりそういうのをやったことがない人には向いていないのかもしれません。　逆にそういうのをやったことある人だとだいぶニヤニヤできます。　意外と主人公にも感情移入できたし４人の関係がどう変わっていくのかも気になるところですが、丸戸さんにはゲームでのシナリオを書いて欲しかった。"
"2012/07/21","Mabo","false","既存の丸戸作品が好きなので購入。ヒロイン育成＆ギャルゲ制作ものらしく、エロゲ制作で丸戸さんが培ったものをどう活かすか楽しみだったのだが、読み始めてみると実在のエロゲのパロディネタ、あるあるネタばかりで主人公はテンプレオタク。そんな彼の一人称視点では読んでいて楽しいはずもなく、シナリオをそのまま小説にしたような文章が拍車をかけている。いいところといえば深崎氏の絵とあとがきだけ。それ曰くラノベ読者用に対象年齢を下げようとして3日で挫折したらしいがその通りで失敗している。丸戸さんはゲームだけ書いてて下さい……。"
"2012/07/21","椅子","false","さすがの丸戸さんでした。序盤は、ちょっとどうなのよコレと思ったが、後半のまとめはやっぱり上手い。テキストがなんとなくエロゲの癖を感じるけど、そこまで気にならなかったし。幼馴染と元カノ？との四角関係がどうなるか期待。コイツら確実に何かしらのめんどくさい過去エピソードがあるだろうし。絵描きになった理由とか絶対主人公関係あるよね。"
