ジャンル,投稿日時,星の数,見出し,レビュー全文
投資・金融・会社経営,2017年8月8日,5,読み直したい書籍,"希代の人でしたね。好き嫌いあると思いますが身近な価値観を変えたという点では尊敬できる人だと思います。
内容はライトですが飾らない人柄が描かれています。気になったら読んでみても損はないと思います。"
投資・金融・会社経営,2014年10月26日,4,出会いが人をつくる,養子としてジョブズを育てた父親。アップル創業のパートナーであったウォズニアッキ。IT界の雄、ビル・ゲイツ。数多くの恋人の存在。そして会社で良くも悪くもジョブズと出会ってしまった人達。極端に情緒的な面があるジョブズにとってこれらの出会いは必ずしも素晴らしい出会い・別れではなかったわけではあるが、どれも少なからずジョブズの生涯に影響を与えているのではないかと感じた。ジョブズ没後、アップルがイマイチ革新的な製品を送り出せていないのは、間違いなくジョブズほど細部までこだわる人間がいないからだと感じた。神は細部に宿る、それを体現していたのがまさしくスティーブ・ジョブズなんだと。
投資・金融・会社経営,2018年10月10日,5,ジョブズのミニマルなデザイン思考、異常なまでの私生活のストイックさ、ゲイツとは真逆。そこからアップルは生まれたんだと納得。,"単純な英雄伝記本と異なり、ここまで書く必要があるのかと思うくらい悪いことも隠さず描かれ興味深く読めました。たとえアップルを追い出されたまま、その後成功なく人生終わってたしても、当時既に過去の偉人の様なカリスマ性を感じてました。後にiphone 開発の際、失敗してたらアップルは消えて無くなる程の超リスク。それは考えてリスクを取ったというよりも、宇宙を変えてみたい衝動を絶対的に押さえれない。そんなジョブスの性格がよく描写されてます。”Stay hungry, stay foolish”不世出の人と思う。"
投資・金融・会社経営,2015年2月18日,4,appleやジョブズファンには楽しい一冊,Appleがどう創業されたか、スティーブの人間性やモノ作りへの半端じゃない想い、またその想いの起源などが描写されています。Apple製品のハード、ソフトの芸術性は今では他社が追随するほど認知されていますが、それはスティーブの生い立ちからの影響が非常に大きいです。起業家や実業家はよく「根拠の無い自信を持て。」といいます。スティーブの「現実歪曲フィールド」もその一種であり、不可能を可能にするよう周囲を説得し、そして実現しています。スティーブを中心とした物語ですが、学びの多い一冊であると思えます。
投資・金融・会社経営,2014年3月8日,4,やりたいことをやる,こんなに詳細に書かれているとは驚き。やりたいことをやりきった人なんだなぁと思った。直訳っぽくて少しわかりにくい。
投資・金融・会社経営,2013年5月27日,4,まあまあ,ややジョブズ寄りのコメントが多い気もするが、ジョブズの生い立ちについて非常に詳しく書かれており、参考になった。
投資・金融・会社経営,2012年4月29日,5,アップルがますます好きになる。,「何をしないかを決めるのは何をするのか決めるのと同じくらい重要」。極限まで余計なものを削ぎ落すミニマリズム。長らくアップルになんて関心も興味も無かったのにiPhoneで急にアップル好きになった僕は本書を貪るように読んだ。神は細部に宿る。アップルの製品やサービスのバックグラウンドを本書で知ったことでアップル好きに拍車がかかったような。。。勿論、会社のパブリシティ臭は無く（内容の性質上ゼロにはならないんでしょうが）、読み物としても面白い。読むとハマる、きっと。
投資・金融・会社経営,2013年2月22日,5,小説よりも奇なる人生,この本はジョブズ本人が書いたものではなく、ジョブズや、彼に関係の深い人物を取材した記者によって書かれています。その点で著書は、自伝のように過去を美化したり、自分にとって不都合な情報を省略したりせず、公平な第３者の視点からジョブズの良い面、悪い面を包み隠さず書いていると思います。ジョブズ氏の人生は、破天荒で、成功と失敗が繰り返す荒波のようです。フィクションを読んでいるような気分でした。こういう非凡な人生を送る理由は、完ぺき主義で、人との摩擦を恐れずに自分の意思をつらぬく彼の性格によるものだと思います。この本は道徳的ではない偉人伝といったところです。面白いので、おすすめです。
投資・金融・会社経営,2018年1月20日,5,面白い,"ウォルター・アイザックソン「スティーブ・ジョブズ　Ⅰ」を読みました。アップルの創業者で、IT業界のイノベーターであるスティーブ・ジョブズの伝記です。パソコンを一般化し、アニメを平面から立体画像にし、iPod,iTuneで音楽をより身近にし、iPhone、iPadで情報機器をデジタルハブ化し、iCloudでコンテンツ管理を使いやすいものにしました。情報機器を身近なツールとして世界に広げた功績は大きいと思います。ガンで2011年に56才で亡くなりました。ジョブズは1955年生まれのベビーブーマー（アメリカの団塊の世代）世代です。カリフォルニアの白人中産階級でメカニックの養父の元で育ちます。60年代のアメリカ白人中産階級の若者にとってベトナム戦争、人種差別、ウーマンリブと、それ以前のアメリカ的な価値観が大きく揺らいだ時代でした。ジョブズも、当時流行していた禅ヒッピーで、極端な菜食主義者でインドまでヨガの教えを求めて旅しています。黒人ヒッピーというのはいませんでした。黒人は労働者階級が大半だったからです。信条は反社会的・反体制的で、物質文明を嫌い、自然崇拝主義者でした。ボブ・デュラン、ビートルズなど反社会的・体制批判的な音楽が好みで、間違ってもジョブズがアンディ・ウィアムスを聞くことはなかったでしょう。LSDなど幻覚剤も積極的にやっていました。風体は長髪・ひげ、ジーンズです。大学はドロップアウトします。パーソナル・コンピューターを一部のマニアから一般人が手にすることが出来るように改良し、これを売りだしたところ爆発的にヒットしてIT業界のシンデレラ物語としてアップルは成功を収めました。ジョブスは、新製品を作るために猛烈な仕事ぶりを続けますが、気性が激しく部下を怒鳴りつけ攻撃するワンマン振りは常軌を逸しており周囲や経営陣から浮いていきます。わがまま、身勝手、自己中心、無礼千万、非常識は会社の規模が大きくなっても変わりませんでした。他人に対する配慮にかけ、いつもお山の大将でなければ気に入らないという偏した性格です。一部の才能ある部下はともかく、大半の平凡な従業員にとってはブラック企業のオーナーです。身から出た錆といいますか、やがてジョブズはアップルから取締役を解任され追放されます。失意のジョブズは、平面的だったアニメーション画像を立体的に表現する技術を生み出し復活の歩みを始めます。「スティーブ・ジョブズ　Ⅰ」はここで終了します。読んでハタッと気づいたことがあります。それはピーター・ドラッカーの先見性についてです。ドラッカーは、1969年に「断絶の時代」を著しています。産業構造の変化、組織論、教育論、情報機器の普及など、について未来予測をしています。原題は「非連続の時代」で、ベビーブーマーたちは親の世代の価値観を継承を拒絶して受け継がないと言う意味です。象徴的なのがヒッピーの生き方でしょう。「断絶の世代」でドラッカーはパソコンやプリンターが一般化し各家庭に入ってくるだろうと予測しています。まだビデオ・CD・ウォークマン・ワープロ・ケータイ・ビデオゲームない時代です。数十年後にはドラッカーの予測通りになりました。その先見力がどのようにして生まれるのか、ただただ感心するばかりでサッパリわかりませんでした。今回、「スティーブ・ジョブズ　Ⅰ」で当時、ジョブズのようなテクノロジーオタクがカリフォルニアに多くいて、様々な実験的なチャレンジをしていることが分かりました。ドラッカーはカリフォルニアに住んでいて、それらの未来技術の萌芽を見聞きしていたのでしょう。それらの動き、情報を丹念に集めて考察を加えていたのでしょう。ドラッカーがヨーロッパやアメリカのワシントン州やフロリダ州に住んでいたら書けなかった本です。社会観察者と自称していたドラッカーの面目躍如かと感じました。"
投資・金融・会社経営,2014年6月6日,5,典型的な実業家,この人自体が映画化され未だ様々な所で評価されたり名前が出て来ている人物だが、この本を読んてみて改めて思ったが、決してこの人は天才ではないと言う事。どうしても天才と言わなければならないなら、人を引き付ける魅力にあふれ、スタッフの掌握力に長け、何か新しい物を作ってやろうと言う力がある人なのだろう。先見の明がある事や時代の流れを読む力はそれ程必要ではなく、時代の流れを自分の方に流れて来る様に流れを変える力が必要でありそれが出来る人が俗に世間的に言う天才、青年実業家等と言われる人間なのだろう。
投資・金融・会社経営,2013年4月26日,5,文句なしに面白い!,ジョブズが生まれてから、大学生活や、macの登場、iphone、ipadの登場、ピクサーでの功績、そして死ぬまで、この２冊にすべてが書かれています。ジョブズが変人であり、尋常でなく自己中心的であることはすぐに分かります。そしてすぐに、彼が世界を圧倒するリーダーシップと革新的な物の見方を有していたことをしみじみと感じることでしょう。また、ジョブズだけでなく、その周りの人も、とても強い信念と個性を持っています。ジョブズが圧倒的なリーダーシップを見せて組織にたくさんの優秀な人材を巻き込み、macやiphone、ピクサー映画までも作りあげるストーリーは、本当に文句なく面白いです。根本的な価値観までも変えてしまうような一冊。今の時代、ジョブズはもはや常識でしょう。必読です。
投資・金融・会社経営,2012年12月20日,5,この本を読んで、あらためてアップル製品の素晴らしさ、ジョブズのこだわりを感じた。,スティーブジョブスは、彼自身の鋭い感性をもとに、産み出す製品の細部にまで徹底的にこだわり、妥協しなかったとのこと。この本を読むと、どこにジョブスがこだわったか、なぜそこにこだわったかが理解できました。家にあるアップル社製品を手に取り、「ああ、ここがジョブスがこだわったところなのかぁ～」と感じれ、ジョブスと近づいた気がしました。
投資・金融・会社経営,2013年6月19日,4,自伝とは言い難いが、アップル商品開発の過程がリアルです,てんぽ良く読めるし、初期のMACが世に出るまでのリアルさは大変おもしろいです。また、あこがれのマシンだったマッキントッシュがハードの能力不足に悩まされていたことも初めて知りました。（当時、使っていた人は皆、ベタ誉めしていたのですが…）アップル製品ファンにはたまらない1冊と思います。反面、ジョブス氏の自伝というよりはは、仕事特にアップル社の話が軸のため、「アップル社史」とでも言った方が近いのではないでしょうか？
投資・金融・会社経営,2015年8月2日,5,人格破綻者やブラック企業経営者とも呼ばれかねない偉人,プログラマですが、とても好きな本です。良いモノを作るとはどういうことか考えるときに大変参考になっています。個人的にはデザイン関係の仕事をしてる人にも読んでもらいたいです。ただ、日本人経営者の本のように綺麗なことばかり書かれているわけではないので苦手な人も多いと思います。理不尽に他人を怒鳴り散らしたり、風呂に入らなかったり、LSD大好きだったりとまともな人が読んだらドン引きするかもしれません。ですが、圧倒的なカリスマ性と抜群のセンス、そしてなによりも徹底的に世界を変えようとする意思の強さにはとても惹かれるものがあります。強引に自分の意思を貫き、ノーとハッキリ言えるような人だからこそ、アップルを作れたのだと思いました
投資・金融・会社経営,2014年5月14日,3,著者視点なので著者の事を知らないと・・・,仕事上での付き合い関係としか感じられない方の書物。表面的な歴史表現が多く、特徴的な出来ごとを少し具体的に説明する様な感じ。ジョブスの黒い過去も少し触れてる感じはするが、具体的な表現はしない。ジョブスの人間性が良くない印象もなんだか。。。親密で無いから書けるというのもあるのかね
投資・金融・会社経営,2011年11月27日,5,日本が進んだ道と真逆な製品開発を目指したジョブズの考え方に驚愕?,後半（II）はこれから読みますが，前半（I）もなかなか読み応えがありました．あえてコストのかかる製品創りを目指したスティーブ・ジョブスの考え方，コスト度返しでこりに凝ったデザインを徹頭徹尾追求，日本人的視点からは驚くばかりではないでしょうか？　トヨタ（カンバン，ジャストインタイム）が日本の代表みたいなわけですから．この必要以上の執着心というか，こだわりというか，この並外れたスティーブ・ジョブスの思考が『i-Pod』，『i-Pod-Touch』，『i-Phone』 を生み出したすごさは認めますが，日本人には真似できないと思いました．ソニーはそれなりに凄いと思いますが，アップルにはなれないように感じるわけです．本書（I）の読みどころは，ペプシコーラから三顧の礼でスティーブ・ジョブス自身が迎え入れたジョン・スカリ-との確執，ついにはアップルから追放されていくところを日記帳で記述しているところ，ここは大変おもしろいですね．特にMacファンにはたまらないところではないでしょうか？結構知らなかった事実が克明に綴られている点を読み進めるに従い，スティーブ・ジョブスが如何に変人で，わがままで，ジョン・スカリ-に追い出されたと言うよりは，追い出されるべきして追い出されたことを初めて知りました．ジョン・スカリ-の（良くない）印象がこれまでと大きく変わりました．ところが，アップルのような独創的な会社には，こんな変人のリーダーが必要だったわけで，常識にとらわれる業務の進め方が必ずしも成功に繋がるとか限らないことを痛感します．かつて（今も？）のMac ファンにはたまらない一冊だと思いました！
投資・金融・会社経営,2014年2月21日,5,時々クスッとくる,Apple製品が好きなので読んでみました。ジョブズの奇人変人ぶりにクスっときますが、同時に素晴らしさも伝わってきます。なんどか繰り返し読んでいますが、ボリュームも十分なので楽しいですよ。
投資・金融・会社経営,2013年11月23日,4,著者の冷静な視点がジョブズの個性を浮き上がらせる。,強烈な個性をもつジョブスだからその人物の伝記をつくろうとすると、何か飾るか埋めるかしたくなるものだが著者には深い尊敬の裏に常に冷静な目を持とうとする意志が感じられる。そのために多くの別表現が使われたりして訳者は苦労したと思う。時に滅裂になりがちだが2巻を含め全体を読むと１つのメッセージが読者に伝わる。是非2巻も読破してほしい作品である。
投資・金融・会社経営,2011年11月20日,5,あまりにも激しい時代を駆け抜けた一人の天才の物語,スティーブジョブス。親しみを感じ、その生み出した製品が大好きで、また毎回のプレゼンテーションに影響を受けてきた。その激しい行動についてもいろいろと取りざたされていてでも面白おかしくネットで読んでいたような気がする。はじめて彼の生きてきた軌跡をたどった。その出生による独特な孤独感、現実を意志の力で変えてしまう現実歪曲フィールド（Reality Distortion Field:RDF）の凄さ、人への共感性が低く、相手を罵倒したり傷つけたりしても、かまわないと思う自己中心的な傾向。でもそのイノベーションに対する集中力、こだわりは類を見ず、統合されたアップルという世界を作り出していく。人としてのジョブスは激しく偏っていて、近くにいてほしくないと思うくらいです。でもこの魅力にはあらがえない、何をしでかすのか見守っていたいと思わせるものでした。考えてみると自分にとってとても身近な同じ時代を過ごした人としても初めての伝記であり、友人の内面を覗くような気持ちになる本です。
投資・金融・会社経営,2013年2月3日,5,念願のペーパーバック版,やっと出ましたね。ＡＰＰＬＥ社はあまり好きではありませんが、Ｓｔｅｖｅ　Ｊｏｂｓは別です。内容は非常に興味深く、一気に読みました。＃１の方が懐かしくて面白かった
投資・金融・会社経営,2015年2月18日,5,やっと読めました。,刊行当時はなかなか買えなくて、何となく読まずに来てしまいました。パソコン黎明期から趣味と実益を兼ねてのめり込んだフリークです。Mac教信者で、同年代でもあるわたしには、自らの記憶を辿りながら読めるのが面白いです。Macユーザーで無くても彼の人生はきっと興味深いでしょうね。
投資・金融・会社経営,2014年1月3日,5,iPad mini retinaで読んでます。,飽きのこさせない内容、素直な翻訳であり、偉大な資産で読ませて頂いています。飽きのこさせない内容、素直な翻訳であり、偉大な資産で読ませて頂いています。
投資・金融・会社経営,2014年2月27日,5,流石です。凄いです。,２日で読んでしまいました。大変、興味ぶかい人間ですね。気性が激しかった事がわかります。デザインを徹底的にシンプルにする、理念。とても参考になりました。
投資・金融・会社経営,2014年12月13日,5,良書であり毒書,自分の頭で考える事の大切さを教えてもらえる一方、凄い個人的な意見ですが自分がそれを強烈に実践した結果、自分の頭で考えるほどに周りの価値観からズレて浮いていってく気がしてます。
投資・金融・会社経営,2013年1月5日,5,ビジネスマンのバイブルです。,徹底して製品の仕上がりにこだわっているところがすごい。今では利益や効率の身が優先されている中で 情熱の重要さを改めて知った。
投資・金融・会社経営,2015年1月5日,5,人間スティーブ・ジョブズ,おもしろい！カリスマであり、独裁者であるスティーブ・ジョブズの存在が、Appleのヒットプロダクトの原点であることをあらためて認識させられる。Appleが今後どの方向に進んでいくのかが、ますます気になるところ。
投資・金融・会社経営,2013年8月14日,5,なかなか内容が濃いです,公式の自伝ということでなかなか内容が濃いですね。読むのに時間がかかります。でも、スティーブ・ジョブズの生涯を知るにはいい本だと思います。
投資・金融・会社経営,2016年11月27日,5,何も言わずに読め!,とにかく、歴史を作った人物の一人です。ジョブズがいなかったら、iPhoneもiPodもiPadも存在しなかったし、ディズニーピクサーも存在しない。という事は？アナと雪の女王も産まれてなかった。とにかく日本の夢見る若者に読んでもらって、早く日本からジョブズのような人物が誕生してもらいたいと願います。
投資・金融・会社経営,2014年7月3日,5,一巻の後半が面白い!,"スティーブ・ジョブズが作ったもう一つの会社この会社とジョブズとの関係や思いなどが書かれていて、
非常に面白い！それだけ、その会社に思い入れがあったということ。とある作品の制作秘話なども垣間見れるので、興味がある人はオススメです。"
投資・金融・会社経営,2013年10月29日,5,ジョブズファン必読,Appleファン・ジョブズファンは必読です。上下巻でバイブルですな
投資・金融・会社経営,2011年11月14日,5,実に「人間くさい」だからか・・・・・,パーソナルコンピューターを創り出し、時代を変革した男の一生を描いた本。確かにそうであると思うが、「無機質と思われがちなコンピューターの世界」でありながら実にこの人の数々エピソードは「人間くさい」。若き日の禅との遭遇、もう一人の天才スティーブ・ウォズニアックとの出会いと「始まりの日々」、愛憎まみれのジョン･スカーリーとの関係、挫折が栄光の基礎であったNeXT SoftwareとPixarでの日々はApple復帰以降のJobs氏しかご存じない方には新鮮なのではなかろうか。訓練されたエンジニアでなかった男がどのように成功し、挫折したかと前半部は下手なフィクションよりも面白い事実である。以下後半部のレビューに続く......
投資・金融・会社経営,2015年12月16日,5,ぜひKindle版で読んでください。,偉大な発明家の創造の源を示唆してくれる、一般人にも有益な本でした。日本の日常ではなじみのないアメリカの地名やIT企業の関連、用語なども、X-rayや辞書機能のついた Kindleのおかげで、言葉に中断させられることなく、一気に読むことができました。現代を知るための必読の1冊です。
投資・金融・会社経営,2017年9月1日,5,ジョブズが好きな人は読むべき,面白いよ。これだけ仕事に熱心な人はいない。登場人物が多すぎてよく分からないのが残念かな。漫画で易しく読みたい方は学研まんが　ＮＥＷ世界の伝記1　スティーブ・ジョブズをお勧めします。
投資・金融・会社経営,2013年12月29日,5,面白い,ジョブズという人の内面が見えてきます。とても好きな本になりました。
投資・金融・会社経営,2013年7月2日,5,とてもいいです!,想像していたよりも面白かったです。早速読んでしまいました！!
投資・金融・会社経営,2014年12月8日,5,自慢本,俺ってすごいだろ。ってことしかかいてないです。まあジョブズだしね。
投資・金融・会社経営,2011年11月10日,5,人の心に響く本,アップルについては何も知らない。パソコンもWindows、携帯もandroidだ。妻がmac book airを購入したので、本書を手に取ってみた。近年でもっとも感銘をうけた本になった。本書で一貫しているのはJobsが持つ、アップルが生み出す製品に対する情熱と、アップルという存在への強烈なプライドだ。トップに立つ人間は部下に夢を見せないといけない。つくづくそう思った。文章も話題の展開もうまく、すぐに引き込まれて最後まで読み切った。こんな本にまた会いたいと思う。
投資・金融・会社経営,2017年3月22日,2,ジョブズの生涯がわかった。,ジョブズの破天荒な生涯が書いてます。アップルを創業し、成功させただけでもすごいことだと思いますが、一度、追放され苦しみの中でもピクサーを成功に導き、上場させるのにはしびれました。日本版のカバーだけ？オレンジが入っているのが苦手です。
投資・金融・会社経営,2013年11月7日,5,強い個性、複雑な出生,死期が迫った今だから話せるという、強い個性がインタビューで語られてそれを聞いた伝記作家が本にした。自由奔放に生きてきた野心家、もちろん努力を惜しまないひとだったことがわかる。
投資・金融・会社経営,2013年12月6日,5,読む価値があります。,いい商品を作るための考え方が理解できました。読む価値があります。
投資・金融・会社経営,2013年3月13日,5,電子書籍の件,初めて電子書籍を購入しました。とても読みやすく　非常に満足しております。また購入したいと思います。
投資・金融・会社経営,2015年1月4日,5,Appleファンは必読の一冊,巨星スティーブ・ジョブズの自伝。自分は「Apple Confidential」を旧版新版ともに読んでいたので、特に目新しい事実はなかったが、それでも大変面白く読めた。ただしジョブズのシリア系の出生の秘密、ヒッピーカルチャーへの本格的な傾倒、歴代の恋人や奥さんと子どもたちなどのプライベートなことは、公式に書かれたのはこの本が初出ではないだろうか。マッキントッシュが出て、マイクロソフトと覇権を争う時代の話、スカリーにジョブズが追放され10年後に戻ってくる時代の話は、何度読んでも本当にエキサイティングだ。（マイクロソフトが、文字通りハッタリだけのIBMとの契約で、世界中のコンピュータをウインドウズにしてしまったことは、今も多くの人には知られていない。）ジョブズは、ビジネスマンや起業家というようなレベルを超えた、歴史的な巨人である。この本の作者も、レオナルド・ダビンチやミケランジェロと並んだ歴史的人物であるとしている。そのあたりにある平凡な小説よりもはるかに面白いジョブズの自伝は、Appleファンのみならず、全ての人に手にとってほしい。上下巻のものすごいボリュームの本であり、１章１章が非常に濃密で重要であるので、読むのには相当時間がかかる。一点気になったのは、上巻が白、下巻が黒のブックカバーなのだが、ジョブズの写真は同じ老年期の顔写真である。上巻は若い時代の写真を使うべきだったのではないだろうか。彼と同時代を生きられたことに心から感謝したい。
投資・金融・会社経営,2013年1月11日,5,ジョブズの人となり,やはり天才であるが、生まれそだった環境も天才に押し上げた大きな要因でないだろうか
投資・金融・会社経営,2013年12月29日,5,面白くないわけがない,スティーブ・ジョブズ、この人の伝記が面白くないわけがない。しかしこの伝記を更に素晴らしくしているのは、「矛盾する記憶はなるべく公平に取り扱うとともに、情報源を明確に示すように努めた」という著者の姿勢だと思った。全編通じてこの精神に忠実であり、スティーブ・ジョブズの人となりが多面的に描かれている。上巻で最も心に残ったのは、マイク・マークラがまとめたという「アップルのマーケティング哲学」だった（137頁）。「1番目は〈共感〉だった ― 『アップルは、他の企業よりも顧客のニーズを深く理解する』。顧客の想いに寄りそうのだ。2番目は〈フォーカス〉 ― 『やると決めたことを上手におこなうためには、重要度の低い物事はすべて切らなければならない』。3番目に挙げられた同じく重要な原理は、〈印象〉だった。わかりにくいかもしれないが、これは、会社や製品が発するさまざまな信号がその評価を形作ることを指している。」「『（マイクが）強調していたのは、金儲けを目的に会社を興してはならないという点だ。真に目標とすべきは、自分が信じるなにかを生み出すこと、長続きする会社を作ることだというんだ』」言うは易しだが、少なくともこの伝記で描かれるスティーブ・ジョブズの言動はこの哲学から全くブレていない。
投資・金融・会社経営,2015年10月27日,4,２を買うかは、、,非常に読みやすくジョブズの裏側を知れる良い本だと思います。だんだん現実離れしていくので2を買う気にはなれませんでした。
投資・金融・会社経営,2014年10月21日,4,読み易くあっという間に終了しました。,こんな人が居るのかとびっくりしました。内容は分かり易く小説のようでした。
投資・金融・会社経営,2014年10月30日,5,面白いです,面白い！スティーブジョブズは尊敬します。勉強になる事いっぱいです
投資・金融・会社経営,2016年1月28日,4,様々な伝説のある人ですが、一人の人間としてしっかりと描かれていました。,ジョブズ氏の行動や発言を関係者よりインタビューして客観的に描いています。一人の人間として良い所も、悪い所や弱い所も持ち合わせていたということが詳細に記されていました。
投資・金融・会社経営,2011年11月26日,5,天才の痛いほどの実像から学ぶもの,スティブの自伝（１）を読み終えた。なぜかほっとしている。２を先に読むことになり１週間で読んだが今回の１はほぼ１０日かけて読み込んだ。とにかく熟読した。たしかにジョブズはすごい人物だが決して人格者ではなかった。それどころか付き合いづらい人間であり、自伝には彼のリアルな姿、家族との人間模様（強さ、弱さ、感性など）が痛いくらいに見事に書かれている。これはまさに１人の人物を通してみるアメリカの企業物語であり、伝記作家渾身の大作であろう。そして現代アメリカのIT企業の生々しいドキュメントでもある。ジョブの製品の長年のファンである私は、彼の自伝も大事に読ませてもらった。我々凡人にはとても真似は出来ないエピソード満載で、学ぶ所はいろいろな意味で多い。とくに男性にはエキサイティングかつドラマチック。間違いなく２１世紀のアメリカが生んだ歴史的な人物、すごいジーニアス（天才）であったと確信する。ソフトバンクの孫社長はレオナルド　ダビンチに匹敵する人物といっているがうなづける。私が心配するのは、アップルにはそのDNAがどう引き継がれるのだろうかだ。ジョブスは常々、ディズニーのような創業者が死んだ後も生き続ける会社を作るといっていた。ソニーや本田とどうように世界を変えたアップルの興隆を願わざるを得ない。企業人ならぬ、いまの日本の男達にぜひとも読んで欲しい本である。
投資・金融・会社経営,2017年9月19日,5,面白い,単純に面白いです。登場人物が多すぎて覚えられませんが事細かくスティーブ・ジョブズが描かれてると思います
投資・金融・会社経営,2016年7月30日,4,おもしろい,偉人ぶりがうかがえます。才能ある人間の考え方・行動力に感動しました。
投資・金融・会社経営,2015年3月5日,5,Macが欲しくなる,彼の生涯は、フィクションではやりすぎになるほどドラマチックだ。事実は小説よりも奇なり。彼は極端なまでに、美しさにこだわっていた。それは、マシンの外観のみでなく、基本ソフト(Mac)の見た目(UI)。さらに使いやすさなど、機能面にまで至る。この本を読み、私はますますアップル製品の素晴らしさ、拘りを感じるようになった。ちなみに「ビルゲイツ」と言う本に書いてあったことだが、初期のwindowsは、Macの特許の問題で、プログラムを迂回して書いていたらしい。スティーブジョブズを読んだら、ビルゲイツ側からの視点から書かれた本を読むのも面白いと思う。
投資・金融・会社経営,2011年11月6日,5,凄すぎて、ついていけない・・・。,"自分が知っていた以上にジョブズ氏はとんでもない人物だった。いろんな意味で（悪い方の方が多かったけど…。）目の前にいて「現実歪曲フィールド」に自分が捕まらない限り、本を読んでいる限りでは、そういうとんでもないエピソードも楽しく読めるけど…。自分が当事者だと思ったら、やってられないなと思う。ただ、一方でそういう狂気じみたパワーがあったこそ、あれだけのすばらしい作品（製品）が生まれたわけで、そういう意味ではジョブズ氏は紛れも無く天才だったのだなと思う。ジョブズ氏も凄いが
彼の部下で彼に猛然と反抗できた人たちも凄いと思う。ホントに「勇者」だなと思った。そういうエピソードも含めて、非常に楽しめた本でした。"
投資・金融・会社経営,2017年2月23日,2,訳が雑です,原文と訳文とを比較すると、訳しづらい箇所が往々にして省略し「丸めた訳」にしてある。このレベルでは意訳とかムード訳とも言える程度ではないか。日本語版は高価だけど、訳者の日本語運用力を信頼して購入しているのに、このレベルとは。「3ヶ月で急いで訳しました」は言い訳にはならないでしょう。出版社も、「技術内容が書いてある本だから技術翻訳をやっている訳者を」という視線のみで翻訳者を選択しないで頂きたい。
投資・金融・会社経営,2012年6月18日,5,バカと天才紙一重,上巻の内容は「ジョブズの生い立ちと子供時代〜高校大学〜アップル創業〜アップル2誕生〜マック誕生〜アップル追放〜ネクストとピクサー」まで。スティーブ・ジョブズはパーソナルコンピュータを生み出した、２０世紀最大の発明をした”偉人”だと思っていたのですが、これは間違いで”変人”です。「人としてどうなの？」とか「それ犯罪じゃん！」みたいなことばかりで、人によっては蔑視してしまうと思います。でも「バカと天才紙一重」とはよく言ったもので、クレイジーだろうが変人だろうが世の中にとっては偉業を成し遂げた”偉人”であると改めて思いました。本書には「偉大な経営者が必ずしも清廉潔白である必要はない。大事なのは何を生み出したかだ。」とあり、彼の業績を見ればその通りだと思います。私がコンピュータに興味を持った頃、ウインドウズ3.1が発売され、マックとどっちにするかさんざん迷って結局PC9801を買ったのを思い出します。そして大学はDTP＝マックというぐらい全盛だったので研究室にはマックしかなかったなぁとか、以前はiMacやibookが出るたびに新品を買ってたなぁとかリンクするところもたくさんあって懐かしくなりました。スティーブ・ジョブズの偉業に改めて敬意を抱きましたが、本書を読むと彼の回りにいる人は大変だったことがよくわかります。２０世紀最大のハリケーン「ジョブズ」に近ければ近いほどです。会社の人も家族もライバルも彼に怒ったりビジョンに魅せられたり傷つけられたり…本書はそんな人間模様を楽しむ本だと割り切ればとても楽しめます。アップルに復帰して、imacやiPhoneを生み出すのは下巻から、今ちょっとずつ読んでますが、歳をとってもクレイジーなところが面白いです。子供にはあまり読ませたくないけど、人間らしい部分は元気をもらえます。興味のある方はぜひ読んでみて下さいね。※登場人物がとても多く、一人の呼び方が何通りかあるため、人物相関図を作りながら読むといいです。
投資・金融・会社経営,2013年5月20日,5,今は亡き、スティーブ・・・,スゴイ人だなと思ったが、もういないんですね。スゴイ人は、あっというまにこの世を去り、何でもない普通のひと、その他大勢がのこる・・・でも、すごかったんですね。まねは、できませんが。
投資・金融・会社経営,2011年12月8日,4,章番号が日本語版と英語版でずれています。,"本（日本語版）と電子書籍（英語版）を持っています。本（日本語版）では、全４１章ですが電子書籍（英語版）では、全４２章です。本の章番号がずれているだけで、文章の中身は同一です。本来は以下のとおりだったと思います。
２０章「レギュラーガイ」
・ジョーンバエズ
・ジョアンとモナをさがしあてる
・行方不明の父親
・リサ
・大嵐のような恋愛
２１章「Family Man」←このタイトルのみが本（日本語版）から脱けています。
・ローリーン・パウエル
・結婚式
・家族の家
・リサを引き取る
・子どもたち
電子書籍の日本語版、本の英語版ではどうなっているのか確認していません。掲載写真数の違いですが、本（日本語版）にない写真が電子書籍（英語版）に章ごとに掲載されていました。（モノクロです）"
投資・金融・会社経営,2014年5月5日,4,こんな性格の悪い経営者でも,成功するんだと思うと、力がわいてくる本。笑もちろんそれだけでなく、、合わないことに愚痴をこぼしながら惰性で使われるのではなく、無駄なもの、おかしいこと、無理なことは、変える勇気や知恵を出す。そして面白いもの、楽しいもの、愛するもののために時間や技術を使う勇気を持つことの大切さは伝わってきた。
投資・金融・会社経営,2011年11月13日,5,名前は知ってるけれど・・・という程度でも読んで損はなし。,10月2日の新聞で11月には公式自伝が発刊されると知り楽しみにしていたので、その数日後突然の訃報に接した時は本当に驚いた。iPodを使ったことがある程度でMacユーザーでもappleファンでもないが、彼が「世界を変えた」という表現は決して大袈裟ではなかったのだと強く思わされる一冊。とかくプレゼンのスキルや経営者としての業績が強調されがちだが、描いた理想の実現に対する(現実歪曲と言われるほどの)常人離れした情熱やそれ故生じる周囲との軋轢等も含め、Steve Jobsという人物の個性を知るには後にも先にもこの本以上の良書はないだろう。
投資・金融・会社経営,2011年11月20日,5,"Baby, you're a rich man",RIP SJということで読み始めました。雑誌やネットで断片的に見聞きしていた逸話がだんだんひとつに纏まってくる感じでI巻読了。上司にしたら本当に辛そうな(病的？)性格ですが、どんな業種でもトップに立つ人はそれなりの「現実歪曲フィールド」を持っているんだろうと思いました。スタンフォード大学でのスピーチをYoutubeで見てジョン・レノンの生い立ちと重なるところが多いなと思っていたら、アーサー・ヤノフの原初絶叫(Primal scream)療法を受けているところまで同じとは。JBと交際していたのは初耳でしたが、その理由がまた何とも貴種好みな...。各章副題にビートルズやボブ・ディランの楽曲名がさりげなく散りばめられているのにも親しみを覚えました。
投資・金融・会社経営,2013年7月19日,4,便利な世の中。,古本屋に探しに行くならAmazonだね。すぐに見つかりました。
投資・金融・会社経営,2013年6月25日,3,良い,ジョブスがいないアップルは、どこへ向かっていくのでしょうか。迷走しないことを期待しています。
投資・金融・会社経営,2013年8月14日,4,すごい!,スティーブジョブズの人生がよくわかる一冊です！ これはオススメです！
投資・金融・会社経営,2011年12月15日,4,稀代の変人,世に名を残すような人物は得てしてこういう変人だ。自我はどこまでも押し通し、気に入らないことは断固として譲らない。自分が信じたことであれば、他人からしたら荒唐無稽に思えるようなことも「現実歪曲フィールド」で納得させようとする。しかもそれが時に本当に「現実」となることもある。彼にとっては世間の常識などどうでもよく、周りの「空気」など知ったことではない。常に人の目を気にし、右向け右で周りに合わせてばかりの日本人からは彼のようなイノベーターは登場しないだろう。
投資・金融・会社経営,2017年1月24日,5,2016年末に,テレビ神奈川で吹替版の映画がやってた。で、見た。おお！こんな感じの人だったのか！と慌てて一時期よく売れてたであろう原作を、アマゾンで検索。ハードカバーと文庫があった。ハードカバー２冊×１円と送料。この買い方がいちばん安かった。なかなか複雑な生まれ育ち。近くにいたらかなりめんどくさい。雇われたりなんかしたら大変だな。間違いなくエジソンとかナポレオンと同等の偉人変人。いま持ってるアンドロイド機種をすぐアイフォンに替えたくなる。そんな本。
投資・金融・会社経営,2013年11月10日,4,天上天下唯我独尊(全二巻)。,天（時代）が生んだ、哀しき孤高の天才。独裁者・異端児・伝道師・反逆者・一刻者・情熱家・完璧主義・秘密主義・激情家・気分屋・演出家・山師・芸術家・夢想家・救世主・メンタリスト等、多彩な面を持っている。ただ、一言で形容するなら、「偉大なる革命家」といったところか。人としては、性格・言動に難点（問題）があるが、これも立派な個性ともいえる。彼と同じ立場（アイデンティティ障害）に於かれた場合、ああする以外に、他にどんな選択肢がありえたのか、犯罪者か？。そうならなかったのは、養親・友人・教師等、人格形成期における環境の影響は大きい。プラスのエネルギー（ユーザーからの賞賛）よりも、マイナスのエネルギー（彼により、プライドを傷つけられた者からの）の方が、大きかったのが、早世の要因か。非・アップルユーザーだが、彼の業績に敬意を表し、御霊に幸多からんことを祈る。
投資・金融・会社経営,2011年11月24日,5,ダビンチの再来,孫正義氏がダビンチに匹敵する天才と称したスティーブジョブズの公認伝記です。翻訳もスムースですので一気に読めます。私は大学の時にAppleIIと出会ったのがきっかけでコンピュータにはまりコンピュータ技術者になりました。会社ではWindowsを扱っていましたが、自宅ではマックを使っていました。iPhoneを使いだのをきっかけに25年勤めていた会社を退社しました。その間ジョブズの動向は追いかけていましたので、知らないエピソードはそれほど多くはありません。しかし本人が語る言葉の端々やちょっとした行動を読むと、いかに天才だったかが良くわかります。はっきり言ってそばには近づきたくない人だと思いました。でも強く惹かれます。この[ I ]は未婚の母から生まれて養子にされるところから始まります。学生時代の停学になるほどひどいいたずら(笑)、禅にはまりインドに旅をした後アップル社創業。Apple I→Apple II→Apple III→LISA→マックと次々と新製品を生み出す過程。APPLEを追い出されて（くびになり）、NEXT社創業、PIXAへの投資とトイストーリーが出来る経緯までです。ここまででも普通の人の10人分くらいの人生を歩んでいるでしょう。私がAppleIIにはまっていた頃には「AppleIIはウォズニアクが全部の技術を作った。ジョブズは単にマーケティングの人間でしかない」という風説が流布されていました。２人とも偶然スティーブという名前ですから「Two Steves & Apple」というムックも発売されていました。私もウォズニアクが書いたOSのソース（アセンブラ言語）を読んで感動していましたので、そう信じていました。でも30年経った今となってはあのスティーブがこだわったデザインが成功の鍵だという事もわかっていますし、スティーブが「発見」しなければウォズニアクが世界に出る事もなくＨＰの一技術者として生涯を終わっただろうという事が良くわかります。驚いたのは、米国のフォーク歌手であるジョーン・バエズと結婚を考えるまで深く交際していたという事です。
投資・金融・会社経営,2013年12月11日,5,感動できます,マイコン～パソコン～iPadまで開発の変遷、苦労が良くわかります。アップルⅡやＬＩＳAを知っている方が楽しめるかも。ジョブズは若くして亡くなりましたが発明王として歴史に残るんでしょうね。
投資・金融・会社経営,2013年12月23日,3,スティーブ・ジョブの伝記小説,完全に読破していない。時間がなく一気に読めないよ・・・面白いんだけど。
投資・金融・会社経営,2011年11月15日,4,原書と訳本の違い,"この訳本には、原書にない部分が多くあります。気がついたところは、
２巻の４７頁、１７行目から
２巻の１２５頁、１１行目から
２巻の１４８頁、９行目から
関係する人の引用部分が原書より多くあるようです。原書の初期版を使って翻訳したために、原書の最終版と相違があるように思われます。また訳本で欠落している部分もあるので、今後の版で訂正されることを期待します。この本はスティーブジョブスが一生を賭けて、如何に技術者ではない一般消費者や文系デザイナーにアップル製品とそのブランドを定着させたかについて書かれた本として読むのも面白いと思います。シンプルで美しいものを追い求めるには、アップルのように唯我独尊になる必要があるのかな？カルトがクールに変わるにはブランド力かな？新興宗教が体制派に変わるには人数だものね。でもまだアップル教には入信できない私です。"
投資・金融・会社経営,2015年4月2日,5,カリスマがカリスマでいられた理由が分かった,Ⅰは、幼少期～apple設立・apple解雇、NEXT設立、結婚、子育てまで。ジョブズの性格はなんとなく雑誌で知っていましたが、まさかここまでとは。。。。。とにかく驚く事ばかり。人とかけ離れた、生活感、性格、行動、激情、気分屋、対立、罵倒、躍進、精神病、鬱、宗教観、閃き、美的感覚、反逆者、ヒッピー、求道者、カウンターカルチャー、ドラッグ・・・そして平気で嘘をつき物事を全て歪曲してしまう性格等、とにかく多すぎて書き切れない性格の持ち主。。。。見る人が見たらどうして、こんな人が偉業を成し遂げたか不思議に思う。読んだ私でさえ不思議だ。。。。こんな人に付いて行ける人はほんの僅かなのだ。ただ一つスティーブがカリスマになれた理由がこの本でわかった。スティーブが物を作ろうとした時には、ぼんやりとした光の先に完成品があるのではなく、レーザービームのような先にその時代では思いつかない様な完成品がはっきりとあり、だからよけい世に無いものを完成させようと物凄い集中力が発揮されるのだと思った。その細い光の先にある完成品を現実の物とする時に、その細い光の中に入らない者、光から外れる様な意見を持った者、技術・頭脳の足りない者に対して、平気で罵倒・誹謗し、馬鹿にし、こけ落とす。そこで這い上がれず、辞める者は一切追わない。だからスティーブは最初から天才と思う者しか雇わない。その天才でさえ絶対に無理と言うが、最終的には完成させてしまう。無理を無理じゃなくしてしまう。だから完成した時の皆の喜びは半端ではなく、スティーブを称え、敬う。カリスマがカリスマであり続けられた理由がここにあると思った。是非読んでもらいたい一冊です。訳詩も凄く読みやすくされていて、あっという間に読み終えます。
投資・金融・会社経営,2011年11月27日,5,最高におもしろい人,一緒に仕事はしたくないけど凄い人ですね、勉強になりました。
投資・金融・会社経営,2011年11月6日,5,一冊の本で別の人生を歩んだ気持ちになれました,最もリスペクトしてきた人物の半生、起伏が激しく表しようのない衝撃です。本当に洗いざらい光も影も書かれています。Apple、NeXT、Pixarと進みToy Storyが出来る秘話は一冊の本で別の人生を歩んだ気持ちになれました。'Uが楽しみでワクワクしています。
投資・金融・会社経営,2011年11月16日,5,私はわがままな芸術家ではない。芸術家はわがままなものだ,スティーブ・ジョブスという方は　名前は良く聞いてきたが、実像を知らなかったことで非常に興味深く読むことが出来た。読後感は二点だ。一点目。スティーブ・ジョブスが東洋思想やヒッピー文化をバックグラウンドにしていたという話は聞いたことがあったが、ここまでそれらに傾倒していたとは知らなかった。いや、もっと言うなら米国人が、かかる思想に突っ込む際の徹底ぶりには東洋人の一員の僕として驚いたということだ。禅等にしても実際の日本人の何％が禅を組んだ経験があるのかと考えてみると、かなり少ない数字が予想される。スティーブ・ジョブスは京都が好きだったというが、彼が見ていた「京都」は僕らが見ている「京都」とは既に全く違うものだったのかもしれない。僕らが日頃見逃しているものを「異文化」としてスティーブ・ジョブスが「見ていた」としたら、これは僕らとしても再度目をこすらざるを得ない。二点目。彼は色々な点で破綻していた点が良く分かった。そこまで書いた著者も著者だが、書かせたスティーブ・ジョブスもスティーブ・ジョブスである。この本を読んでいてフェアーを感じるのはスティーブ・ジョブスを聖人にしていない点にある。破綻しているスティーブ・ジョブスになぜ人がついて行き、大事を成せたのか。これは彼が芸術家だったからとしか言いようが「私はわがままな芸術家ではない。芸術家はわがままなものだ」と言ったのは岡本太郎だと聞くが、まさにその言葉が当てはまる方が、ビジネスシーンに登場していたということなのだと思う。更に言うなら　ビジネスシーンに芸術家が登場出来たという事自体が、極めて稀だと言えるのではなかろうか。それにしても５６歳にしても夭折という言葉を常に思わせる読書であった。
投資・金融・会社経営,2016年5月22日,5,満足しています,希望する商品を購入することができました。対応も迅速でとても満足しています。
投資・金融・会社経営,2011年12月10日,5,この本から学べる３つのことを,本人が公式に関わったこの自伝「スティーブ・ジョブズ」からは３つの事を学びました。１つ目はビジョンに捧げる生き方。２爪はビジョン実現のための戦略と行動力。そして、最後の３つめは人に感動を与えるプレゼンテーションの土台です。　ぜひ読んでください。やりたくて諦めていたことに情熱を注ぎ実現してください。あなたもジョブズのように人類を前進させてください。
投資・金融・会社経営,2015年10月10日,3,JOBSって天才?,Appleの創設者ってことで購入しました。Jobsは天才なのでしょうか？ひらめきがすごい人なんでしょうね
投資・金融・会社経営,2014年12月9日,2,あまり面白くなかった,思っていたほど、面白くなかった。つまらいストーリーだった。もっとくわしく書いてほしい。
投資・金融・会社経営,2011年11月20日,4,映像の時代の文学の難しさ,人間を現すというのは難しことだ，この本から彼のyoutubeでみるカリスマ性を感じることは難しい．映像の時代に，文字でそれを超えることが，いかに難しいか，彼のカリスマ性は，彼の表情，手つき，間，それが組み合わさった高揚感なのだろう．はじめてiphoneのpresentationをyoutubeで見たときの衝撃，stanford speechを聞いたときの感動は，ここにはない，その背景を，閑かに垣間見ることが出来る．彼の複雑な人間性は，すこし垣間見れた感じがする．
投資・金融・会社経営,2014年6月16日,3,よく分からんので普通,海外在住の弟に依頼されて購入。パラパラ見たが、ジョブズ氏の生き方自体に魅力を感じないので良く分からん。
投資・金融・会社経営,2014年1月9日,5,泣ける。,Jobsの純粋さに泣ける。僕のなくしてしまった純粋さに悔しくて泣ける。いつから安定や組織論理を優先になったのだろうと自問自答している。挑戦していかなくては会社も社会も進歩がないこと、既存の技術の中からでもイノベーションは可能であること、人はいつか死ぬことが判っているのでそれまでに達成しなければならない使命があること、そんなことを考えさせてくれる本。
投資・金融・会社経営,2016年4月7日,3,現在の自分には感動はあまりなかったです,個人的には日本の明治維新以降の成功者が参考になっていますが、もう一度機会を設けて読むべき本だと思っています
投資・金融・会社経営,2011年12月6日,5,赤裸々ではあるが・・・,上下巻とも読みました。 これまで、色々な著名人の伝記を読んだり、色々な方達の伝記映画を見たりして来ました。 それらは、多少、美化された作品が多いですが、このジョブス氏の本の面白さは、彼自身の弱さ醜さも含めて内容の正直さにあります。 大抵は誰も、自分の恥ずかしい過去を多くの人達に知って欲しくはないですが、彼は自分自身の全てをさらけ出してます。 それが、この本の魅力です。 野口英世やモーツァルトや旧約聖書の人物伝などもそうですが、偉人の物語の面白さは光だけでなく、影の部分も描いてるからだと思います。 ジョブス氏の人生からは反面教師にすべき事も含めて色々と学ぶ事が多いです。 読みごたえのある良書です。
投資・金融・会社経営,2011年11月3日,4,スティーブ・ジョブ:空前絶後の存在。,まだ半分ほど読んだだけですが，これは面白い。スティーブ・ジョブズという強烈な個性があったればこそだと思います。まさに空前にして絶後の存在。世界は惜しい人を亡くしたと痛感させられます。
投資・金融・会社経営,2011年12月18日,5,理屈ではなく感性,"上下巻を読み終え、とても晴れやかな気分になった。読み手によって様々な意見(賛同・批判)、また翻訳に関しても様々有ると思う。しかし、肝心なのは「スティーブ・ジョブズがいかに生きたのか」という事ではないだろうか。彼に関して、彼は「批判」を必要としない。なぜならば「彼は批判」をされる存在では無く「クリエイトする存在」だからだ。「流行に乗る人間は流行に乗り遅れている人間。本当の流行は自分自身で作る物」彼は間違いなく、自分自身で流行・世界を作った人間。批判をするのは簡単なことで「相手の逆」を力強く語れば良いだけだから。ときとして、彼の手法には疑問を感じるのは事実だが、一番最後の「ジョブズの言葉の原文」を読んだ後、なぜかホッとする。それは「ジョブズも同じ人間なんだ」と感じる事が出来たからだろうか。この自伝を残してくれた「ウォルター・アイザックソン」に、そして、この難解な翻訳を行い、僕達にジョブズを伝えてくれた「井口 耕二」さんに、感謝をおくり、そして何よりも、同じ時を生き、そして革命を起こしてくれた「スティーブ・ジョブズ」に感謝を表したい。
P.S. 翻訳の様々な愚問を申す方々は、まず井口さんへの感謝と敬意意を示すのが先。愚問を申すのであれば、まず自らが結果を先に示すべし。後出しジャンケンは誰でも出来る「最低」の行為だからね。"
投資・金融・会社経営,2012年1月29日,3,訳がよくない。,他の方も書かれているように同じ人物が名字で書かれていたり名前で書かれていたり統一されてない。ただでさえ外人の名前は入ってきづらいのに上記のようでは『これ誰？』頻発し何度も振り返って読むため時間がかかった。
投資・金融・会社経営,2012年1月15日,3,まず上巻を読んだ感想,やはり時の人、スティーブ・ジョブズの本だから手を出す人も多いと思うが無論僕もその一人で、特にアップルファンでもアンチでもない。上巻を読んだ感想だが、第一に、文章と書き方が良くない。もっと巧みに描写すれば更にスリリングで--（単純な意味で）--面白い本になったと思う。なぜなら本書にあるようこれだけ『ドラマティックな変人』なのだから。僕は英語ができないので、原書と翻訳のどちらの問題か判別はつかないが、読了まで疲れる上巻だった。第二に、第一の問題と連動して登場人物の数と固有名詞が多すぎ、頭に入りずらい。これは僕の頭が悪いせいもあるのだろうが、「え？この人誰だっけ？」と前のページを何度読み返した事か。この点はアップル好き＆詳しい方には問題にならないことなのだろうか・・・？こういうノン・フィクションには冒頭に登場人物一覧を掲載するのが通例だ。僕としてはそれをつけて欲しかった。最後に上巻に描かれるジョブズの人物像を鵜呑みにするなら--（他の情報を知らないので）--「この人、人格障害なんじゃないのかな・・・？」というのが率直な印象（本文中にも指摘がありましたが・・・）。感情の起伏の異常さ、偏執的なまでの自己中心性、罵倒と愛情のギャップ、あげくの果てには大人なのにも関わらず仕事相手に泣きだす始末・・・。そして最もプロジェクト・マネージャとして最悪なのが自分のセンスに傲慢なまでの自信を持ち、マーケットインの思想と手法が皆無のままマッキントッシュの一号機を創らせてしまう事。ハード・ディスクやファンもないままに作って上手くゆくはずがないのは常識的に考えて、当たり前の事だ。それはＮＥＸＴという会社を立ち上げてからも繰り返される。ここは「センス」というものに固執する人にとって反面教師として学ぶべき点だ。優れたアイディアを生み出す人は、本当は該当発案に関する膨大な基礎知識・学習に基づき、徹底的に考え抜いた結果の「鍛えられた直感」事をベースにしている事を知る事例として有益な点だろう。この点はアイデアのつくり方という書籍が参考になると思う。蛇足：この人が上司じゃ、そりゃ社員辞めますよ・・・。下巻ではどうなる事か・・・楽しみです。
投資・金融・会社経営,2011年10月30日,5,栄光の陰にも光を当てる,一気に読んだ。400Pを超える本書を一気に読んでしまった。時間を忘れ引き込まれた。これまでスティーブジョブズに関係する本のほとんどは彼の栄光を賞賛する内容が多い。しかし、栄光の陰には様々な物語がある。あれだけの偉業を成し遂げる人はやはりただ者ではない。自分の信念に固執し周囲との軋轢が生まれたり・・・。プラス面が裏目に、マイナス面がプラスに・・・。生い立ちからピクサーの成功まで・・・。彼の世界の変化の速さ、勢い、めまぐるしさが伝わってくる。今後の展開が気になる。下巻が待ち遠しい。
投資・金融・会社経営,2014年5月28日,1,ジョブズ,如何なる才覚があろうとも天運無くして世に出ることはできないことを見事に語っています。無理な努力は報われません。努力を全く厭わない人がこの世に沢山いるという事実。その上で、尚、天運を持っている人のみが世に出るということ。明確な目標を立てた努力は世界一流という領域までは行けない。
投資・金融・会社経営,2011年10月28日,5,期待通りの内容です。,「文系と理系の交差点に立てる人こそ大きな価値がある」という話を聞いて、僕もそういう人間になろうと思った。（スティーブ・ジョブズ）なるほどね、まさに今の時代、その通りであると思う。このくだりを見ての通り、この伝記からジョブズ氏の創造性の世界のいろんな発想が感じ取れる。著者のウォルター・アイザックソン氏はスティーブ・ジョブズ氏本人からご指名による執筆者である。ジョブズ氏は彼の性格を知り尽くした上での依頼した、そのこともあり事後編集なしでより客観的な見地で書かれている。「現実歪曲フィールド」の表現に見られるようにジョブズ氏特有の見解と他からの異なる見解もそのまま記述されていたりとか、一般の伝記とはちょっと違う。途中経過感想なのですが、今の僕にとっては目から鱗の言葉がポツポツと出てくるし、正直、親近感を覚えるこの伝記、期待通りです。
投資・金融・会社経営,2016年2月15日,5,大変満足しています。,今回の取引においては迅速、丁寧な対応で安心できました。梱包もしっかりされており、気持ちの良い取引ができました。
投資・金融・会社経営,2015年12月22日,3,文庫版がほしかったので,購入した頃には品薄でしたのでAmazonで。帯も付いててちょっとラッキーでした。商品に汚れ、傷など特に問題はありません。
投資・金融・会社経営,2014年4月22日,1,内容は文句なく星５つ、しかし・・・,内容については、多くのレビュアーが指摘するように実に面白い。ジョブズ自身の人生の破天荒ぶり自体が興味深いのは当然だが、多くの人のインタビューを通じて、彼の人生を丹念にそして包括的に描き出した著者の力量、そして原作に忠実でありつつ、日本の読者には縁の薄い米国の事情をかみ砕いて説明した翻訳者の力量は見事としか言いようがない。内容だけなら文句なく☆5つである。しかし、あえて☆1つにしたのは、すべて販売元の講談社のやりように納得がいかないからである。私はこの本が好きなので、語学の勉強も兼ねて日本語版の他、英語の原書と中国語版(台湾)を読んでみた。日本では上下巻の分冊で、発売当初合計約4000円だったが、米国では全1冊のハードカバー版でも2000円以下、台湾では約1500円だった(台湾における中国語版の発売日は、日本版よりも早かった)。ちなみに、台湾で発売された中国語版だが、内容は日本版以上に原書に忠実である。外国人の自分にとっても読みやすい良書であった。日本と台湾では所得水準が異なるとはいえ、同じ翻訳という労苦があることを考えると、この価格差は異様としか言いようがない。加えて、日本では発売から約1年後にペーパーバック版が上下合計2000円で発売されたが、本来最も廉価なはずのKindle版にはハードカバー版とほぼ同じ値段がついている。日本語という非関税障壁にあぐらをかき、売れる本からはふんだくれるだけふんだくろうという、出版社の安易な姿勢しか見て取れない。市場原理から、売れない翻訳本に高い価格がつくのはある程度やむを得ないとは思うが、絶対に売れる(実際に売れた)本にもこのような価格を設定するのは、商業倫理に反する気がしてならない。出版不況と言われて久しいが、こんな出版社の姿勢にも一因があるのではなかろうか、このジョブズの伝記の販売方法を見ると、そんな印象を持たずにはいられない。
投資・金融・会社経営,2016年2月13日,5,激動の１９８０年代,"トイ・ストーリーの公開が1995年。最後の一章を飾るトイ・ストーリーに至るまでの約10年間。１人の人間の10年間で一冊の本が書けてしまう。いや、その気になれば『Macintoshができるまで』でも十分に本になりそうな勢いさえある。退屈しない。購入したときは最後まで読む気はなく、過去の流行りに乗り、つまみ食い程度のつもりだった。結局最後まで読んでしまった。それだけジョブズという人物が波乱万丈な(決して順風満帆ではない)人生を送り、成功者となるだけの魅力と実力をもった人物なのだと分かる。
ジョブズもさることながら、伝記作家である筆者のアイザックソン氏、訳者の井口耕二氏の両者の力は語るまでもない。最高級食材を、最高の腕前を持つシェフが調理し、最高のレストランで食べているイメージ。原文を読んだわけではないが、訳になんの違和感もなかったのは久しぶり。全く原文のことが気にならなかった。本書ではまだiPodもiPhoneも登場しない。コンピューターの革命期とも呼べる1980年代を見事に描いた作品。いずれ歴史的な指標としての価値が出てきてもおかしくはない。"
投資・金融・会社経営,2013年1月27日,4,「ものづくり」を追求した人物という点でジョブズはエジソンに並んでいるように見える。,"第1巻は21章からなり，子供時代からマック誕生，トイ・ストーリーまで，第2巻は20章からなり，再臨〜iMac 〜iTunes 〜iPhone〜iPadなどの製品開発の流れとジョブズの”がん”との闘いが描かれている．Macが登場した1984年当時では大学などの研究機関や企業でなければなかなか計算機を直接触る機会は著しく制限されていたと記憶しているが，高価ではあるものの本格的なGUIを備え，ワープロソフトMacWriteやグラフィックソフトMacPaintが使用できる環境が個人ベースで入手できる事には驚かされた覚えがある．
　著者アイザックスソンによるインタービューはジョブズやジョブズ周辺はもとより敵対関係にあった人物にも及んでおり，またジョブズ本人による修正が入っていない点がこの本の価値を高めている．日本には「ものづくり」の原点と評価される伝説的な人物も多いが，大量生産される工業製品というジャンルでこれほど「ものづくり」を追求した人物という点でジョブズはエジソンに並んでいるように思える．"
投資・金融・会社経営,2015年9月21日,5,発送が早い。,発注日に発送。同じ県内なので次の日着。同時に頼んだ2巻は6日後でした。
投資・金融・会社経営,2017年6月1日,5,Apple IIを開発するまでの話は面白いです,Apple II 以降の話が長いが面白くない。ピクサー、トイストーリーに関する章はJobsがどこまで関わったかはこの書だけだと説く分からない。訳文が良いとは言えないと思う。特に会話、喋りの訳が良くない。
投資・金融・会社経営,2012年1月11日,5,Steve Jobs,息子が読みたがっていたので購入しましたが、包装がとても丁寧で、もちろん本も新品同様でした。ありがとうございます。
投資・金融・会社経営,2018年10月21日,4,すごいクリエイター、経営者、でもこんな上司は嫌だ,すさまじいまでの製品へのこだわり、ここまで突き詰めて生まれた作品には価値があるんだろうなぁと感じました。だからこそ多くの人を熱狂させる。情熱って人を動かすんですね。伝わるんですね
投資・金融・会社経営,2011年10月30日,5,稀有な人生の稀有な伝記,同時代人であり、スーパースターであった。AppleII、Macintosh、NeXT、PIXAR、iMac、iPod、iPhone、iPad、いずれも鮮烈な衝撃波となった。SONYのウォークマンがiPodに圧倒されたことなど残念な面もあったが。 日本は、ジョブズから何かを学ぶべきだろう。完璧追求型の青い旋風であったジョブは、Macintoshを生み出した後、自ら招いたCEOスカリーによってAppleを追われ、落伍者となった。11年後、Appleに復帰したとき、創造的苦難を糧として視野を広げパワーアップしていた。大病から復帰したとき、禅僧のような深みのあるCEOになっていた。 その全貌が正確に描かれる。斜陽気味の日本にとっては、羨望の経営者となった。いったいジョブズとは何だったのか？　本書は、ジョブズ本人が遺書の気持ちをこめ、自分から情報開示したことで生まれた。著者は、ジョブズから「原稿に口出ししない、チェックしない」。ジョブズ夫人から「良い面も悪い面も、真実をうそ偽りなく書いて欲しい」といわれた。そして、１８か月間ジョブのところへ通い、ジョブズはどんどん打ち明けた。その裏づけをとるために関係者100名以上に取材した。本書が出版されたとき、ジョブは他界していた。あり得ないほど稀有な伝記である。 その波瀾の物語は、「カラマーゾフの兄弟」や「風と共に去りぬ」などを凌駕していると思う。シリア系、ドイツ系の男女の大学院生が恋をして生まれ、結婚に反対されたため養子に出されて人生が始まった。ジョブズは空漠とした欠如感を埋めようと格闘したのかも知れない。もし、文科系の実父母のもとで育ったならば、われわれが知るジョブズは消え、Apple製品のない歴史に変わっただろう。 それは寂しい世界である。愛情溢れる養父は実践的なエンジニアであり、優れた工学デザインに注意を向けさせ、なぜ素晴らしいかの理由を語り、ジョブズの心に浸透させた。文系と理系が交差するデザインは人生のテーマとなった。それは愛と真理であり、禅の究極・簡素と結びつき昇華されていった。「デザインは見た目だと思っている人もいる。しかし、当たり前だがもっと突き詰めて考えると、実は仕組みを意味する」という言葉を残している。実に深い言葉である。ジョブズの真髄だろう。本書（上巻）はゆっくり読みたいと思っていたが、惹きつけられて半日で読まされてしまった。再読したい。最終章に家族のことが出てくる。ジョブズは、養母が亡くなってから実母に初めて会いに行く。感動的な和解。そして実妹（モナ）がいることを告げられる。母とマンハッタンへ行きモナに会ったとき、血のつながりの深さと温かさを知る。前半生の荒ぶる咆哮の後に訪れた、一陣の微風のようで和まされる。ウォズ、ハーツフェルド、テバニアンなどのキャラも光っている。
投資・金融・会社経営,2013年1月14日,5,製品?哲学を考える上でも興味深い,人間ジョブスの魅力や欠点、奇人ぶり、矛盾も率直に書かれており、もちろんその点も面白い。経営者というより、芸術家、我儘な一方、独自の美学を守るロックンローラーと形容するのがふさわしいと思う。決して成熟した人格者としては描かれていない。ただ、個人的には、その個性以上に、その製品？哲学に感銘を受けた。経営者でも技術者でもなく、演出家と表現するのが妥当だと思う。実際、ビジネスやテクノロジの世界でこうした種類の人間は、ほとんどいないように思える。根本的には、「宇宙に衝撃を与える」ような作品を創り出すことに自己満足を求め、金を儲けること自体を目的にしていない。作品があまりに圧倒的なので、結果として金なんて入って当たり前、と思っているところがあり、実際そうなっている。製品哲学として展開されている内容は具体的に以下の点だ。まず、作品の基準を、全体としての価値、ユーザが体験する価値、芸術性に置いている。ipodで選曲する際の操作方法など製品の一機能でさえ、自分が圧倒的だと自己満足できる内容を追究するとともに、文字通り、デザインにも強いこだわりを持ち、ティファニーを見学するなど、量産可能な芸術作品を求めている。他社より、通信速度が速い、とかいう世の中にすでにあるもののスペックを強化する、という、ほとんどの会社がしているような発想がまるでない。また、実際の世界では、美はいろいろだが、「Simple」という独自の美のスタイルを確立している。作品の範囲を、製品自体だけでなく、包装、製品発表、Apple Store、広告（CM）など、関連するすべてを合わせて作品と捉え、それぞれで圧倒的な自己満足を追究するとともに、世界観、主張を統一させている。1984のCM（[...]）や、Think DifferentのCM（[...]）など象徴的で、実際圧倒的だと思う。全体としての価値に拘るがゆえに、ハードウェア、ソフトウェアを統合した、垂直統合の信奉者。一方、ビル・ゲイツは、オープンという哲学の信奉者で、それぞれ一長一短あり、この哲学の対立は、技術論として示唆に富む。垂直統合か、水平分業・オープンか、という疑問は、技術の世界ではどこにでもある論議で、ITの世界では、しばらくオープンの哲学が主流だったが、技術の世界では、部品同士の凸と凹があり、それぞれがうまく組み合わせられないと、一体としての価値が出ず、また、部品だけ考えると、全体としての価値を誰も考えなくなる、ということが実際によくある。ほんとによくある。実際に、時代に逆らい、時代の潮流の逆を行き、ソフトとハードを一体とする垂直統合の哲学の信奉したからこそ、ipod、iphoneなど、全く新しいものを創り出せたと言えると思う。最後に、テクノロジではなく、テクノロジとリベラルアーツとの融合を信奉する点。IT業界だけでなく、音楽業界、映画業界など、芸術性のみが評価される世界に、テクノロジの可能性を提供し、音楽配信、コンピュータグラフィックスのアニメなど、全く新しい世界を確立する一方、前述の通り、電子機器を美に昇華する。＊＊＊＊＊＊＊個人的に、IT業界に身を置く者として、一部の要素技術だけに拘るか、あるいは、（当たり前なのだが）何でも金に換算するような発想がほとんどで、全体としての価値や、仕事に対する自己満足を基準にする、演出家タイプの人間をまず見つけることができないからこそ、余計に感銘を受けるところがあった。日本人として、ジョブズが、東京や京都に行ったり、禅に傾倒している、等、日本がよく出てくるところがうれしい。スティーブ・ジョブズが知りたい、というだけでなく、モノづくりを考える上でも、本書は重要な論点を提供していると思います。モノづくりがしてみたくなります。
投資・金融・会社経営,2014年11月8日,3,特異な事業家の物語とアメリカ社会,特異な事業家の生涯。野次馬的好奇心の対象ではあるが、一般化できないし、それを真似るのも無理だろう。自己実現的な人間は、アメリカでも奇異な人間だが、それでも、成功できる。天才は、奇人、変人に宿る。日本では、この種の自己実現的な人間は、総スカン、ムラ八分、キチガイ扱い、とても、企業の中で生きていけない・・・・・・。残念ながら。ノーベル賞を受賞した中村信二氏のように、アメリカに渡るほかないのかもしれない。アメリカでは、スティーブ・ジョブズのような特異な才能がすぐれた業績をもたらすようだ。アップルにできたことが、なぜ、ソニーにできなかったのか。マニュアル化された日本の企業社会では、型にはまった発想しかできない。アメリカのビジネスの一端がわかる。対立や喧嘩もあるが、会社の取締役会が機能していることに感心する。日本の企業では、このような真剣な激論と対立がない。なれ合いと水面下の感情的な怨恨で終わる。会社の経営者が雇われるという点、能力主義、転職の自由、風通しの良さ。実力がすべての世界。誰もが、自己主張する単純で明快な世界。このような激しい対立、闘争、敵対、野合、打算、競争が、アメリカの競争社会を発展させているのだろう。伝記の功罪。死んだ者はよいが、登場人物の多くはまだ生存中であり、伝記はプライバシーを侵害する。小説にすれば、嘘を書くことになるが、それでも実在の人物のプライバシー侵害。それでも儲かりさえすれば、本になる。一般に、伝記の内容も、事実かどうかの検証がないので、どこまで真実かわからない。伝記には必ず作者の主観が混入する。伝聞による取材であり、誰もが本当のことをしゃべるとは限らない。事実は多面的であること。しかし、読者の好奇心を満たせば、それで足りる・・・・・・・
投資・金融・会社経営,2016年5月19日,3,この度は有難うございます。,問題なく商品受け取ることができました。今後も商品無事に受け取りたいと思います。大切に読みたいと思います。
投資・金融・会社経営,2013年5月19日,5,刺激的で身近な偉人伝,中学生のときに初めて携帯電話を手にして、その時から周りで少しずつipodを持ち始める人がいた。そして高校生になると、当たり前のようにipodを持つようになって、今度はiphoneを持ち始める人がいた。大学生になると、今度は当たり前にiphoneを持つようになって、気づいたらmacユーザーになっていた。そんな身近な変化（イノベーション）を当時は全く意識などしていなかったけれど、一人のカリスマを中心に多くの人が関わるなかで生まれていったということがいかに凄いことかということがわかりました。特にマーケティングに関して、広告やエンジニア、デザイナーが関わっていき、スティーブを中心に次々と新しい製品が投入されていく部分などは一言で、クールという感じです。なのでもちろんビジネス書という視点からも読めますが、やはり偉人伝として、彼がどういう人物で、どういうふうに挫折や苦労を乗り越え、挑戦を続けたかという点に一番しびれます。ちなみにこの本の広告として、「就活」を絡めるものが多々あったと思います。”性格検査”で「カッとすることがある」なんてボタンを押したら社会不適合者として選考からは外れ、”能力検査”として答えの出回っているテストを何度も受けさせ足切りとする。真っ黒なリクルートスーツに身を包み、100社以上の会社の面接で練習した演技のお披露目会をしている学生がいることを想うとそんな広告戦略には違和感があります。なぜならこの仕組み化されたシステムからは絶対スティーブジョブズのような人物は現れないと思うからです。しかし哲学やあるいはSONYのような企業を含めた「日本」が大きく影響していたことは、すごく誇らしかった。希望を込めてこれからもう一度日本からこういう傑物が出ることを楽しみにしましょう。
投資・金融・会社経営,2014年7月30日,5,システムを芸術した人間,多くの人間というものは、歴史的に偉大な成果を残した人間を不当に美化し抽象化し本来のその人間模様を風化させてしまうものだと思う。なので、私たちがこの時代に生まれジョブズという一人の偉大な人間の死に立ち会えたのはある種、幸運というほかはないこの本には風化していってしまう前のジョブズの負の側面がハッキリと描かれているそして、それこそが彼の本来の人間らしさ、革命的な製品を送り出していった原動力を感じられる部分だと思う。それは規律と、精錬を胸とする人間にとっては許せないと思えるレベルかもしれない 。しかし、そうしたジョブズの利己的で常識を否定する側面は結果的にシステムとアートを融合させ、人間に則した製品を生み出したと思う。この本書を読めば偉大なＣＥＯに対する失望もあるかもしれないが、それ以上に興味深い世界に私たちを引き込んでくれるはずだ。ぜひとも事実が風化し、歪曲するまえにこの書を手にとってもらいたいと思う。
投資・金融・会社経営,2012年11月2日,5,ありがとう、歴史に残る「奇人の天才」に世界中の愛をこめて,分厚い本ですが、話に引きずり込まれてあっという間に読み終えてしまいました。まるでスリリングな小説を読むかのような興奮が、読んでいる間ずっと包み込んでいました。以前、帝劇の舞台衣装の手伝いをしたときに、衣装デザイナーの先生が「0.5mmずれている」といって、仮縫いをやり直ししたことがあるのですがそのときの「モノ創りのストイックさと妥協をしないクリエイティブの崇高さ」を思い出しました。人に共感する能力が欠けており、無礼な言動や奇行で多くの人を悩ませ、同時に「多くの人から愛された」スティーブ・ジョブス。なぜ、神様は同じ年にスティーブ・ジョブスとビル・ゲイツという、2人の「歴史を変えた大物」を送り出したのでしょうか。読み終わった後、「無理な場面こそ、もっといたずらしてみろよ」というスティーブ・ジョブスからのおちゃめな笑顔とメッセージを受け取ったような、そんな気分になりました。人生の影響観を変えてくれる、骨太のノンフィクションです。
投資・金融・会社経営,2013年11月22日,5,ジョブズが変えた２１世紀,約1000ページに渡る「ジョブズの伝記」を読み終えた。学校で習う偉人の事は、共感出来ないし、今更興味もわかない。しかしこの伝記は、同時代に生きていた天才スティーブジョブズについてダイナミックに伝えている。最初は読みきれるか心配だった。だが読んでる内に、ページをめくる手とドキドキが止まらなくなった。今まで読んだどの本より僕に刺激を与えた。なぜか？それは、ジョブズの激しさ(性格の悪さ)が原因だ。彼は近づき難い、天才と言うより、頑固で気難しい癇癪持ちという感じがする。つまり人間味あふれるから、その分共感しやすい。もちろんジョブズの頭脳に僕程度が及ぶなど考えもしないが、それでも親近感を感じる。気性が荒く、周囲から煙たがられるような彼と自分を重ねて読むことが出来た。だから時にジョブズと共にイライラしたり、喜んだりしながら楽しく読書出来た。本当に最高の本だった。後半に差し掛かると、「もう読み終わってしまうのか。」と悲しい気持ちになった。そして今読み終わると実際チョッピリ切ない気持ちだ。ありがとう作者、ありがとうジョブズ
投資・金融・会社経営,2011年11月17日,5,人間スティーブ・ジョブズの伝記として素晴らしい本,"自分の意見を押し通すためには、おだてる、脅す、泣くなど、あらゆる方法を使って達成する。気に入らない人物に対しては罵詈雑言の限りをつくしてこき下ろす。もうさまざまな所業が本当にひどくて、実際こんな人がいたら絶対近寄りたくないと思うのですが、その分、喜んだり泣いたり、すねたり怒ったり、まるで子どものように感情をさらけ出す、人間スティーブ・ジョブズが本当に魅力的に描かれています。（だからこそ、独創的な数々の製品を私たちに提供してくれたのですが・・・）私はアップルファンでもないし、ジョブズについてもほとんど興味がありませんでしたが、ジョブズの生涯をさまざまな視点から描き出す著者の筆力にぐいぐい引き込まれ、あっという間に最後まで読みました。膨大な取材時間とジョブズの信頼、そしてありとあらゆる関係者からの証言を取ることができた著者だからこそ書けた、素晴らしい本です。ちなみに、私が一番「ひどい！＆面白い！」と思ったジョブズの所業は・・・
部下や取引先から提案を受けると、最初は「くだらん！クズだ」と言っておきながら、数日後には「素晴らしいアイディアを思いついたぞ！」と言って、提案とまったく同じことを話し始める、という逸話。しばしば、あったそうです。いったい何なんでしょうね？ほんと、愛すべきキャラです。ご冥福をお祈りします。"
投資・金融・会社経営,2013年2月1日,4,超人ジョブズ,いつの頃だろうか、iPodを使い始めたのは?iTunesの使い勝手の良さからいつしか携帯もiPhoneになり、やがてPCはiMacになり、そのうちiPadも買って、ついに我が家のIT機器はすべてApple製品になった。 とはいえ、評者は所詮iPod以降の勝ち組時代のAppleしか知らない。思いもかけぬジョブズの急逝。放映された追悼NHKスペシャルや有名なスタンフォード大卒業式でのスピーチを見ていて、もう少しこの人のことを知りたくなり、遅まきながらペーパーバック版が出た今回手に取った。 本書を読むと、あのスタンフォードでのスピーチの背景とかが見えて、興味深い。 それにしても、この方は凡人であればただの奇人変人なのだろう。あえて評者は超人と呼ばせていただきたいと思う。本書を読み終えてそんな気がしている。 ジョブズなかりせば、こうしてこのレビューをiPhoneで打つことも、できなかったのだから。
投資・金融・会社経営,2011年11月18日,5,かなり過激?,亡くなってより有名になったスティーブジョブズだが、通読してみるとうわさよりも随分と変わった人だという印象。それほど赤裸々に書かれている。ヨガや精神世界への傾倒など、変わったというか危ない人だが、これくらいの人で無いと世の中を変える事は出来ない、逆に言うと変わり者で進み方を間違えない人が一番偉人になれるのかもしれないと思った。80年代のコンピューター事情、90年前後のディズニーアニメなどの背景も分かり、この本で今をときめくディズニーアニメもジョブズが絡んでいたということを知る人も多いのでは。原著も読みましたが、同じテンポで読む事が出来、この手の翻訳本にありがちな意訳のしすぎや、原著にこだわっったことで意味がわからなくなる事もないように思えた。
投資・金融・会社経営,2014年11月15日,5,短くも濃い一生,発売されてすぐに購入して読みました。自宅ガレージから世界有数の企業Appleを作り上げ、数々の斬新な製品やフルCGアニメなど世界に衝撃を与え続けた人物がどのような人だったのか興味があったからです。細かな内容については触れませんが、私が思うにこのジョブスという人は全てにおいて規格外のスケールをもった人だっとといえるでしょう。そして、多くの人よりは短い人生ではありましたが、多くの人よりも濃厚な人生だったのだと思います。私も彼ほど濃い人生は歩めないかもしれませんが、1日1日を少しでも濃いものにしていこうとこの本を読んで感じました。
投資・金融・会社経営,2011年11月5日,5,当然ながらジョブズ氏の伝記の決定版。読むべし。,スティーブ・ジョブズ氏やアップルの伝記というと、これまでにも「スティーブ・ジョブズ-偶像復活(原題: iCon) ※ 邦訳は同じ井口氏」「スティーブ・ジョブズの王国 (原題: The Little Kingdom: The Private Story of Apple Computer) 」などがあり、本書「スティーブ・ジョブズ I」がカバーする、ジョブズ氏の少年時代 〜 アップル創業期、NeXT社創業、ピクサー買収付近の様子を詳しく描写している。事実を元にした書籍なので、内容もこれまでの伝記とほぼ共通なのは当然だ。しかし、ジョブズ氏と言う強烈な個性のある人物を中心に、やはり多くの個性と実力を持った多くの人物が関わり、汗し、築いてきた結果、一つの歴史的事実に対しても、異なる思いや、記憶を残しているという場面がいくつも登場する。本書の特徴・価値は、従来の書籍では、雑誌のインタビュー記事や、講演、元社員などの情報を元に描写されていた部分に、最近3年間の取材を通じて、ジョブズ氏が感想を語ったり、思い出を語った内容が記載されていること。そして、これまでにはあまりなかった妻や妹といった肉親者のコメントが端々に寄せられていることなのではないかと思う。その意味で、類書のファンでも、さらに格別の想いを持って楽しめる気がするので、おすすめ。何人かが書かれているとおり、電子書籍で米国価格で読めるとさらに最高でした、というか、書籍は書籍で記念に買うんだけど、実際に読むのは通勤中だったりするので、ジョブズ氏の作ったデバイスで読みたかったなあというのが正直なところです。
投資・金融・会社経営,2012年1月29日,5,日本の本は高い,翻訳代を含めたとしても高い本だなと、原書と比べてつくづく思う。日本の出版社事情がどうなっているのか、売れ筋の本だから消費者は足下を見られているのだろうな、と思う。電子書籍に至っては言語道断。Kindle Storeなら9.99ドルで買えるのに、ほぼ紙媒体の本と同じ値段。Amazonの新刊本のレビューにこういうことを書いていいのかわからないが、私は l も ll もマーケットプレイスで1200円のものを買った。前の持ち主は手袋でもして本をなるべく広げないようにして読んだんじゃないかと思うほど、きれいな本で、書店の店頭でみんなに読まれた本よりずっときれいだった。基本的には今後、正当に、電子書籍が紙の本より安く供給されるようになれば、紙の本を買う気はないのだが、同じ値段である以上、私は古本を買います。と、本の内容から離れてしまったけれど、伝記自体は良くかけていると思う。これまで、ジョブズやアップルの歴史として知らされてきた内容に、深く踏み込んだインタビューがなされて書かれている。ユーザーのニーズを考える、といって市場の動向を調べているだけじゃ、人類の歴史は進んでいかない。結局、売れる商品をユーザが見つけてくれて、それにみんなが飛びついて同じものを作る。それがこれまでの商品開発の正体だった。けれどもジョブズはユーザが気づいていないニーズを引きずり出して商品化する。もしくは、こういうのが欲しかったんだ、とユーザに気づかせる。そこがこれまでの企業家と違った。こういうことができる人はおそらく当分は出てこないだろう。夢を見る人でなければ夢を実現できない。
投資・金融・会社経営,2015年5月4日,4,テクノロジーを愛する夢想家であり、エバンジェリスト気取りのアーティストでもある,"原著は２０１１年。著者は雑誌「ＴＩＭＥ」の元・編集長で、ＣＮＮの元・ＣＥＯでもあり、ジャーナリストでもあり、伝記作家でもある。曰く・・・ジョブズは、養子であるため、「捨てられ、選ばれた、特別」という観念が血肉化している。すべてをコントロールしようとする性格もこのあたりに起因するのかもしれない。ジョブズは、小学４年生のときの担任の先生に認められ、飛び級している。しかし、年上ばかりのクラスでいじめられて、転校している。ＨＰ社が主催する「探求クラブ」に参加したこともあり、部品が必要だからとＨＰのビル・ヒューレットに直電している。家から近く、奨学金もあるスタンフォード大への進学を拒否し（スタンフォードに行くのは自分のしたいことがわかっている学生だ、というのがジョブズの意見）、リード大学に進学している。リード大は、１０００人程度の小さな学校だが自由を重んじる校風とヒッピー的なライフスタイルで知られていた。学生時代、ＬＳＤにハマっている。ジョブズはＬＳＤ体験を絶賛している。その一方、悟りも求める。学生時代、毎朝毎晩瞑想し、禅の勉強をしている。アップルは、なにかと引っ掻き回すジョブズを抑えるためにマイク・スコットを社長に迎える。２２歳のジョブズは、自分がまともに経営できないことはわかっているものの権限を手放すことに苦痛を感じる。ジョブズは完璧主義、オレ様主義で、他人に厳しい。ウォズニアックは、家族のように作ったものをみんなで共有する会社が理想。ジョブズは、２３歳のときにガールフレンドを妊娠させるが、この問題にちゃんと向き合っていない。人と深くかかわったかと思うと、次の瞬間にはよそよそしくなるところがある。ただ、ジョブズとこのガールフレンドも付き合ったりはなれたりで、自分が父親なのかわからないという気持ちもあったらしい（というのはジョブズの話で本当かどうかはわからない）。ジョブズはゼロックスの研究所を見学した時、Smalltalk（オブジェクト指向のプログラミング言語）のデモに魅了される。ネットワーク化やオブジェクト指向プログラミングにはほとんど注意を払わなかったが、ＧＵＩスクリーンに心を奪われた。アップルは、このアイディアをパクったともいえる。ゼロックスもこの技術にまったく無関心だったわけではなく、「スター」というマシンにＧＵＩを搭載している。しかし、動作が重く、商用化は失敗。ジョブズはゼロックスの失敗にホッとしている。１９８０年代の学生について、ジョブズは、いまの学生は理想論を考えることさえしない、哲学的な問題にじっくり悩んだりせず、ビジネスの勉強に打ち込んでいる、と評している。カリスマ的な物言い、不屈の意志、目的のためならどのような事実でも捻じ曲げる熱意が複雑に絡み合う。ジョブズの現実歪曲フィールドとよばれる。マックチームのある同僚は、その存在を意識しても現実歪曲フィールドは効果を発揮し、無効化しようとしてもできず、ほとんどの人はあきらめて受け容れてしまう、と述べている。他人に対してだけでなく、自分に対しても現実の認識を強烈に拒むところがある。自己実現型の歪曲で、不可能だと認識しないから不可能を可能にしてしまう。現実歪曲フィールドの根底には、世間的なルールに自分はしたがう必要がないという確固たる信念がある。ジョブズは自分を特別な人間、悟りをひらいた人間、選ばれた人間だと考えている。現実が意に染まなければ無視する。なんでも二分してしまう。人は賢人かバカしかいないし、仕事は最高か最低最悪しかない。優れた人材を集めれば甘い話をする必要はない。そういう人は、すごいことをしてくれると期待をかければすごいことをしてくれる。特Ａの人間はそういう人同士で仕事をしたがるし、Ｂクラスの仕事でもいいと言われるのを嫌がる（ジョブズ）。ジョブズの採用基準は、創造的で、超頭がよくて、反抗心のスパイスが効いた人間であること。とっぴな質問を投げて、不測の事態にどこまで対応できるか、ユーモアの余裕をもって押し返せるかを見る。ジョブズとゲイツはどちらも自分のほうが頭がいいと思っているが、ジョブズは美的感覚やスタイルの観点からゲイツを若干下に扱うことが多い。ゲイツはプログラミングができないという理由でジョブズを下に見ている。知り合ったときからゲイツはジョブズに惹かれているし、その人を魅了する能力をうらやんでもいたが、根本的におかしい人間で、人間として大きな欠陥があるとも評価していた。ジョブズはゲイツは人間の幅が狭すぎると感じている（とは、あるアップル・チームメンバー談）。マイクロソフトがマッキントッシュのグラフィカルなアプローチをコピーするのではないかとジョブズはかなり心配する。ゲイツは、これからはＧＵＩの時代になるし、ゼロックスで開発された技術をアップルがコピーしたのだから自分たちもしていいはずと考える。マイクロソフトがウィンドウズを発表するとジョブズは激昴し、かつ、動揺する。ジョブズはかなりキツイ人らしく、ついには、共同経営者で長年の盟友でもあるスティーブ・ウォズニアックすら離職する。ジョブズが説得して迎え入れ、一時は、蜜月関係にあったジョン・スカリー（社長）との関係にもヒビが入る。ジョブズにとって、マーケティングのプロであるスカリーが、製品に（真摯な）興味を持たないことが不満。ジョブズはやがてスカリーを軽蔑するようになる。ついに、スカリーは、ジョブズをマッキントッシュ部門の責任者から外す。このときもジョブズは動揺し、なだめたり、抗議したり、スカリー追放を画策したり、泣いたりしている。取締役会は、スカリー支持。ジョブズは、結局、アップルを退社し、新会社を作る。
　ジョブズは、マッキントッシュの仕事をしていたころ、ジョーン・バエズと付き合っている。ジョブズは２７歳、バエズは４１歳。バエズを好きになったというのもあるが、彼女がボブ・ディランの恋人だったことからディランとのつながりに惹かれた部分もある。ジョブズは、生みの母のジョアンを探しだす。実の妹は小説家。ジョアンとジョブズの実父・ジャンダーリは離婚している。ジョブズと母妹の関係は良好。などなど。"
投資・金融・会社経営,2012年2月23日,4,NHK特集「スティーブ・ジョブズの子どもたち」を観て読んで観ました。,2012年の１月NHKの特番で「スティーブ・ジョブズの子どもたち」を観た。感動した。2005年6月のスタンフォード大学の卒業式の式辞をジョブズが述べ、その場で聞いていた卒業生数名のその後の人生を追った番組だった。優良企業にやすやす就職できた超エリート校出身者の「子どもたち」も時代の荒波の中で、もがき、挫折し、方向転換しながら、人生を歩んでいくさまが活写されていた。こんなきっかけで、ジョブズの人生に興味を持った。そこで手っ取り早く和訳である本書を読んでみた。「はじめに　本書が生まれた経緯」からいきなり彼の人生ドラマに引き込まれた。2004年初夏、知古であり、手練れの伝記作家でもある著者ウォルター・アイザックソンにジョブズは電話をし、面会を求める。そして散歩がてらこう切り出す。「僕の伝記を書いてくれ」だが、アイザックソンはこの依頼を断る。まだ早いというのがその理由だ。その後2009年ジョブズの妻からも執筆依頼を受け、アイザックソンも執筆に動く。この時、著者が2004年に最初の執筆依頼を受けた日は、実はジョブズの最初のがん手術の直前だったことを打ち明けられる。2005年６月の卒業式の式辞でジョブズは自分ががんにかかっていて手術も受けていることを吐露している。当時から人生の残り時間を意識し、時間と追いかけっこをしていたのだ。「１」は第１章誕生から第21章『トイ・ストーリー』までを扱い、幼年期の様子から始まり、アップル創業、同社を追い出されたこと、新会社ネクスト、ピクサーの設立・運営までを描く。本人、周りの関係者に丁寧に何度もインタビューし、裏をとり、細かいエピソードを巧みにつなぎ合わせてタペストリーのような重厚感を持つ１つのドラマができあがってゆく感じだ。読んでいてわくわくした。個人的には、アップルの製品は１つも持っていないが、その製品群には、コンセプト、デザインに「アップルらしい」統一感があるということは、私のような素人でもわかる。この製品群がもつ統一感がジョブズそのものなのだろう、まだ「２」を読んでいないが。そして彼がよいと思い、欲しいと思う製品を多くの人もよいと思い、欲しいと思うのだ。すごい人だったんだ、彼は。希代のイノベイター盛田昭夫なきあとのソニー、ジョブズなきあとのアップル。はたして今後のアップルが「盛田なきあとのソニー化」するのか。それとも、常に斬新さを維持していけるのか。その洞察が得られるヒントが「２」にあるかどうか、楽しみだ。訳者の井口耕二氏はジョブズ関係の翻訳をすでにいくつもこなしている。そのせいか、産出された日本語は自然で読みやすい。「２」が終わったら、元本を読んでみるつもりだ。
投資・金融・会社経営,2011年11月19日,5,生みの母親はカトリック、父はムスリムで育ての親はプロテスタント。で、本人は仏教徒,少し歳上だけど、同世代といえなくもない彼がどんな感じであの時代を生きていたのかな、と思いながらkindleで読んでいます。あまり書かれていないことだと思うのでチラッとだけ書きますと、生みの母は厳しいカトリックの家の生まれなんですよね。だからシリアの政治学者（もちろんムスリム）との結婚に反対されて、unexpected babyを妊娠しても中絶しなかったのかな、と。50年代前半という時代、場所柄からも中絶は難しかったとも書かれてていますが、それでも里親をキチンと見つけてくれる医者のところで産んで、大学出の家族という希望はかなわなかったけど、大学までの教育資金をつくるという契約書まで交わして養子に出したというあたりは偉いな、と。育ての父も廃車を50$ぐらいで買ってきては修理して250$で売るという人で、おかげでテクノロジーにも興味を持てたし、軍需産業のおかげでhpなんかが近くで起業するみたいな環境もよかったのかな、と。hpのヒューレットCEOに直接電話で頼んで、子供の頃のJobsが高価な部品をゲットし、そのかわりにhpのラインにアルバイトとして入ったというエピソードは感動的。TEACのオープリールのテープレコーダーが宝物で、ボブ・ディランの海賊版ライブを集めていたというのも知りませんでした。と同時にウォズニアックとの出会いも、これまで読んだことのないようなエピソードもあったし、ブール・ボックスがAppleの原型だったというあたりも、これまでの類書より理解できました（ウォズニアックが機能する回路を組み立て、ジョブズがパツケージ化する）。60年代の反体制運動が終わったアメリカの大学の雰囲気も瑞々しく描かれていたし、同時に、もうそれが歴史になりつつあるんだな、と少し寂しい気もしました。
投資・金融・会社経営,2016年7月18日,5,著者のアイザックソンに惜しみ無い拍手を,ジョブズのおくってきた生涯について、非常に有益となる本であった。
投資・金融・会社経営,2011年11月19日,5,昔、中学の理科室にあった、Appleマークのデスクトップパソコンのことを思い出した。,スティーブ・ジョブズの華やかな光り輝く部分しか知らない人が多いのではないかと思います。「アップルII」「Macintosh」「ｉＭａｃ」「ｉＰｏｄ」などなど...さまざまな偉大な製品を生み出しておりますし、さぞアイデアに溢れたカリスマなのであろうと思っていました。追悼番組等が放映されいましたが、日本好きとか、菜食主義、プレゼン神様などという話が多かったように思います。この著者にスティーブ・ジョブスから「僕の伝記を書いてくれ」との依頼があり綿密にさまざまな関係者への取材に基づいてまとめられた公式な自叙伝である。この本をとって思うことは、個人向けコンピューター産業の黎明期を立ち上げた人物の話であるだけに大変興味深く自分の生きてきた人生の中で、コンピューターがいろいろな場面で登場して進化していく様を思い出しながら、ジョブズ氏たちが奮闘していたことを対比させがら読みました。僕の最初にApple製のPCに出会ったのは、中学校の理科室にあった、Appleマークのデスクトップパソコンである。その当時にみたときも、古くさい印象のPCであり色あせていたヤツだ。この時代日本のPC業界ではNECの、PC-8001が発売され、markIIが出ていた時期でNECが日本の業界をリードしており席巻していたと記憶している。中学生の僕が海外のApple社のことも知らなかったし興味も湧かなかったことも仕方ない時代である。次のApple製品との出会いは、ずっとあとで、PowerMacと、iMacのユーザーとなったことである。Macは性能以上の魅力があったと記憶している。そんなことを思い出しながら、読みすすめたが、このスティーブ・ジョブズの人間の複雑さは、いかがなものであろうか？経営者としては完全に不具である。そんな彼を偶像化しなでとらえた点がこの自叙伝の素晴らしいところである。良きにつけ、悪きにつけ圧倒的なスティーブ・ジョブズのキャラクターと彼の人生に圧倒されつづけるのは間違いありません。まだ、上巻しか読み終えていませんが下巻がとても楽しみです。価値ある書であること間違いありません。
投資・金融・会社経営,2011年11月6日,4,ジョブズのプライベートや、性格の悪い面なども、遠慮なく書き込まれた深い内容の一冊。,本人、関係者への幾度にわたるインタビューを踏まえた、リアリティに満ちた深い内容の一冊。人をたびたび罵倒したりする性格の悪い面や恋人、子供とのプライベートな経緯なども、遠慮なく、書き込まれている。ジョブズを神格化したい人には、やや残念な内容もあるかも知れないが、これがジョブズその人なのだ。アップルの経営戦略や、提携の経緯などは、一緒に経営に携わったジェイ・エリオット氏によるジョブズ・ウェイ　世界を変えるリーダーシップの方が、より経営的な面から、ビジネス言語でしっかりと書かれているので、アップルの経営戦略に興味のある人には向いていると思う。しかも、視点が違うので、伝記でジョブズが答えた内容とは異なることも多々あって面白い。海千山千の強者がいるコンピュータ業界の中にいて、世界に大きな衝撃を与えることのできる人というのは、清廉潔癖で人のいうことを素直に聞くような人では務まらないのだろう。現代人必読の書と言って良いのではないだろうか。
投資・金融・会社経営,2013年5月11日,4,コンピュータの歴史の勉強にもなる,アップル製品はipodしか購入経験は無かったが、動画サイトで見たスタンフォード大学卒業式辞をキッカケにジョブズの生い立ちやキャリアに興味を持ち、本書を購入。著者でしか成し得なかったであろう、綿密な取材により書かれたジョブズとジョブズに関わった人間たちの逸話の数々はとにかく面白く、痒いところに手が届いている。ジョブズを知ると共に、パソコンやシリコンバレーの歴史を学ぶことが出来るのも本書の魅力だ。後半は登場人物（しかも似たような人物名）が多くこんがらがってくるので、人物紹介頁があれば尚良かった。本書の登場人物を紹介している米国のサイトがあったのでそちらを参照したところ、より楽しめた。星5としたいところだが、人物紹介頁が無いことと、翻訳に不満があることから星1つ減らさざるを得なかった。
投資・金融・会社経営,2012年4月2日,4,いろいろ問題を起こしてきたとはいえ、ジョブズがすごい人物であったこともよくわかる,"iPod・iPhoneをはじめとするさまざまなApple製品の立役者となり、また、CGアニメ業界を牽引するピクサーを設立するなどデジタル業界に多大な影響を与えたスティーブ・ジョブズの伝記。時系列に沿って生い立ちから順に、かなり細かく説明されている。能力は高いものの、イタズラやドラッグに明け暮れた学生時代、また、アップルコンピュータでの自分勝手で強引なやり方はあまり好感が持てず、非常に感情移入しにくい。圧倒的なセンスとこだわりがあることは伝わってくるがとことん自分勝手な人物像が周囲を困らせていることもわかる。ただ、世間を賑わせた商品がどういう風に生まれたか、また、周囲の人間を乗せるのがいかにうまかったかは読んでいて興奮できるし、本書の一番面白いところだろう。特に２巻は割と最近の話ばかりだし、iMacやiPodが実際にどう世間を賑わせたか知っているだけにアップルのやり方や裏側の事情がわかって面白い。いろいろ問題を起こしてきたとはいえ、ジョブズがすごい人物であったこともよくわかる。ジョブズが製品デザインに口を出したり評価したりする場面が多いだけにそれがどんなデザインなのか、読んでいると気になってしまう。それぞれの商品写真がページ中に挿入されていれば
よりわかりやすかっただろう。かなりのボリュームだが、場面あたりの長さは割と短めでテンポがいい。iPodやiPhone、ピクサーなどスティーブ・ジョブズが関わった製品やそういった業界に興味がある人にはオススメ。"
投資・金融・会社経営,2012年9月2日,4,起業家精神と執念,"・ 昨年10月5日にスティーブ・ジョブズが死去してから約１年が経つ。アップルの時価総額は現在、世界第一位である。私はi-Pod、i-Phoneなどのユーザーであり、ジョブズに関心があるため本書を買ってみた。今、正にMacBookを使ってこのレヴューを書いている。
・ このジョブズ伝記の「I」は出生から養子縁組、スティーブ・ウォズニアックとのアップル起業、ブートレグを集めて聴き入る程のボブ・ディランへのマニア的関心、インド旅行、仏教、原初絶叫療法（ジョン・レノンで有名）、ジョン・スカリーを迎え入れたがその後の彼によるジョブズ追放、ネクストとピクサーなどについて書いている。ビル・ゲイツなど同世代の起業家の話も出てくる。
・ 私が最も関心を持ったのは、ジョブズのビジネスセンス。起業家精神、美しく洗練された商品開発への執念、社内外での交渉力、相当の反発を受けながらも部下を率いる能力などである。また、顧客はその製品が提示されるまで本当に欲しいと考えているものが何かには気付いていないものだ、という考えはもっともだと思う。
・ ジョブズの性格は異常であろう。本書には「自己愛性人格障害」という言葉も出てくる。但し、コロンブスがそうであったように、偉大なことを成し遂げるには常軌を逸した執念が必要である。"
投資・金融・会社経営,2011年11月29日,3,りんご好きではないが・・・,とりあえず「時の人」と思って予約して読んでみた。まぁ「変な奴だったけれどスゴい人だった」という評判どおりのことをツラツラと書いているだけで，さして面白くもない。経営者へのヒントになるようなことも，あまりない。一時は売れるけれど，すぐに古本屋に並ぶのではなかろうか？それから買っても遅くはなかったような気もする。というわけで，Iは一気に（無理して）読んだがIIはなかなか読み進められない・・・
投資・金融・会社経営,2012年6月15日,5,スティーブ・ジョブのマイウェイ,人の目を気にせず、自分がやりたいことをやる。世の成功者には往々にしてそのような側面がある。スティーブ・ジョブズはジョブズ夫妻に養子として育てられた。生い立ちに関する悩みを恋人に打ち明けることもあったようだが、彼はジョブズ夫妻の深い愛情の中でのびのびと育っていった。人と違うことをやって、大成功を収めた時代の寵児が、人と違う生育環境に悩んでいた。どのカップルの下に生まれ、育てられるというのは自分で決められない。スティーブ・ジョブズが実親に育てられていたら、世界を代表するIT企業アップルは、誕生しておらず、ジョブズも平凡な人生を送っていたかもしれない。自分が好きで気に入った物を作り、富も名声も手に入れたジョブズだが、彼にとってどちらが幸せだったかは、誰も知ることができない。養父母を大切に思っていても、どこかに、実親と一緒に暮らしていたらどうなっていただろう、と想像せずにはいられなかったことだろう。ジョブズは、社員の「できません」とう言葉を嫌った。決して変えられない過去、運命に比べたら、「これしきのことやろうと思えばやれるんだ」という思いがあったかは定かではない。彼の激しやすい性向や、行動指針の背景には何があるのだろうか。
投資・金融・会社経営,2013年6月19日,4,おもしろい!,面白くて一気に読みました。ジョブスのことは演説のイメージしかなかったので、本を読んで驚きました。必ずしも「人として素晴らしい人」が世界を変えるような偉業をするわけじゃないんだなぁ、と思ったり。読んでショックを受ける人もいるかもしれません。ただ、彼の考え方や仕事への熱意、生き方は感動するし勉強になります。個人的にはお気に入りの本です。
投資・金融・会社経営,2012年1月23日,4,PC業界の人は面白いと思う,Jobs氏の我々は見ることのない面が、赤裸々に綴られています。良くＭａｃ使いの人は、ＷｉｎｄｏｗｓはＭａｃのパクリと言われますが実は、ＭａｃもＷｉｎｄｏｗｓもどちらもパクリだったんですね。それにしても、Ｊｏｂｓ氏の奇人ぶりは凄いですな・・・双極性障害ともとれるぐらい凄い変動ですね。でも、そのぐらいでないと歴史に残るであろう企業を２社も起業できませんわなぁ。最後の方に、周辺の人物についての部分がちょっとまどろっこしいですが非常に読みやすく、スラスラと読めます。特にコンピュータ業界の人は、一読の価値アリですね。コンピュータ業界じゃない人は、ｉＭａｃやｉＰｈｏｎｅ・ｉＰａｄの話が出てくるのでそちらの方が、面白く身近に感じられるかもしれませんね
投資・金融・会社経営,2015年11月11日,5,最高の物語,素晴らしく面白く、感動的だ。これが本当に生きていた人の物語というのだから、どんな小説よりも興奮できる。
投資・金融・会社経営,2012年2月18日,5,現代文明が依存している人々,スティーブ・ジョブズが歴史に名を残す偉大な人物であることに、私は異論を挟まない。天才的な閃きを放ち、また同時に、これほど常識を逸脱する言動があれば、当然人格がどうのこうのかの議論はあると思う。しかし、現代文明の発達は、こうした人々の特異な能力に負うところが大きいと、岡田尊司氏は、その著書「アスペルガー症候群」（幻冬舎新書）の中で述べている。（以下引用）「アスペルガー症候群やその傾向をもつ人々の特異な能力が、困難な状況にブレークスルーをもたらし、誰も想像さえしなかった新しい時代を切り開き、誰も見向きもしなかった路傍の石を宝石に変えてきた。われわれの文明は、アスペルガー症候群やその傾向をもった人々の常識を超える力に、その飛躍と発展の原動力を負っている。・・・・先端科学や工業技術、IT産業の発展は、このタイプの人たちの存在なくしては考えられない。この症候群は、別名、「シリコンバレー症候群」とも呼ばれるほどで、シリコンバレーでは、アスペルガー症候群の人の割合は、驚くほど高いのである。現代文明は、このタイプの人に、発展の大きな部分を依存しているのである。・・・彼らは、先人たちの考えもしなかったやり方で、無から有を生み出す方法を創造するのである。だが、その一方で、彼らの敏感すぎる神経やあまりにも頑固で一徹な気質は、自分自身を苦しめるだけでなく、周囲ともしばしば摩擦を起こし、時には暴走して、悲惨な事件に至ってしまうこともある。・・・多くの輝かしい成功者を輩出させると同時に、無残な破綻を生み出している。・・・」「マイクロソフト創立者で世界的富豪でもあるビル・ゲイツも、このタイプの人物だと指摘されている一人である。・・・アップルコンピューターを立ち上げたスティーブ・ジョブスはもっと上をいっていた。・・・」（引用終わり）幼少時から始まる波乱万丈の人生、その特異な能力と特異な性格や言動、成功と追放そして再起、周囲との軋轢と離反、生涯に渡る良きパートナーとの出会い等この本はこうしたことを余すことなく詳細に描写している。この本を読むと、その生い立ちの背景にあるものを知るにつけ、改めて、スティーブ・ジョブスが、偉大で、魅力的で、愛すべき、素晴らしい人物だと再認識させられる。また、この本では、スティーブ・ジョブスの闘病の詳しい描写はあるが、その死については、詳しい記述はない。それ故に、現代社会にひときは輝かしい光を放ち、誰もが見たことのない未来に夢を馳せたこの偉大な人物が、死の瞬間に何を思い、愛する家族に何を伝え、親しい人々や未来を担う人々にどんなメッセージを残し、あるいは残したかったのかは、知る由もない。「死こそ生命がもたらしたこの世で唯一最高の発明だ」と語り、「毎日を人生最後の日だと思って生きよう。いつか本当にそうなる日が来る」とスピーチしたスティーブ・ジョブス・・・世界で最も明日を生きたいと願い、現代社会もそれを願いつつも、それを果たすことができなかったスティーブ・ジョブスとその軌跡から、今日も明日もまた生き続けて行くだろう現代の人々は、何を学ぶのだろうか。
投資・金融・会社経営,2012年11月19日,5,とても面白い!,有名なスティーブジョブズの本だけにレビューも色んな視点から書かれているけれど、単純にとても面白かったです!和訳本独特の読みづらさは感じましたが、読み進めるほどに面白くなり、まるでフィクションの物語でも読んでいるかのように感じました。それだけジョブズの人生がドラマティックなものだからか、書き手が上手いのか、その両方か。。。はやく続きの2を読みたいと思います。
投資・金融・会社経営,2011年12月9日,3,まあまあ公平,また底意地の悪いAmazonのレビュアー査定員に揉み消されそうだが・・・・・・・（過去4回レビューを消された）一応書いてみる。まず文章。アイザックソンの文章は、あまり良いとは言えない。悪くはないが、いろんな伝記やって有名になった（アイザックソンが）ってだけでジョブズが依頼したとしか思えない。ジョブズはアイザックソンの作文が下手なのを知らなかった（としか思えない）。個人的にはアメリオが、がんばって作った20周年アニバーサリーマック（当時価格80万円）をジョブズに送ったら、当のジョブズが窓から放り投げ捨てたというエピソード。これが入ってないのが残念だった。噂の域を出ない話であるが、嘘なのか真実なのかぐらいは書いとくべきだろう。読んでいて途中、面倒になる、中だるみがある、など。普通に小説書いたらこの人絶対売れないよって判る。世間が言うほどの文章力は無い。最後の「コーダ」の所はちょっと良かったけどね。実際アップルという会社は日本で言う「ブラック企業」。仕事を苦に自殺者も出ている。またアップルや、その上司を訴えた裁判も数えきれないほどある（アメリカのサイトで検索すると星の数ほど出てくる）。スカリー時代にPDAを急いで作らせて拳銃自殺した日本人とか、本当にヤバイ事は載ってない。ジョブズの伝記として、フェアな視点から綴ったように見えて実はアップルとジョブズを伝説化し褒め称える内容。一番たちが悪い。ちょっと意地悪なレビューをしたが、この本読んで「アップルは素晴らしい」とか「ジョブズはすごい！」とか鵜呑みにする人が大量発生しそうなんで辛めに書いた。ま、実際のは、ブラック企業が、たまたま上手く行ったって所かな？アップル信者とか痛い奴に見られたくなければ、他にもあるアップル本「icon」や「アップルコンフィデンシャル」を併せて読むと、より楽しめるかもね。
投資・金融・会社経営,2011年11月17日,4,ひとつの才能は全ての欠点をカバーする。,養子であるスティーブ。初めは反抗をしていた。LSDもやった、23歳で妊娠させた。しかししかし、インドの行者と出会ったことで、禅の世界と出会ったことで、彼は直観力が全てだと悟る。性格は癇癪持ち、しかし、直観力のこだわりが彼を英雄にのし上げた。癇癪持ちは両刃の剣である。彼のとびぬけた才能と彼を引き摺ずりおろす気まぐれな性格が激突する。1ではその連続を描いている。2では完成形に向かうのであろうか？楽しみである。
投資・金融・会社経営,2011年12月3日,5,良質の評伝,話題性だけでなく、ノンフィクションとしてのクオリティ自体も話題に負けないレベルの良書だ。読む前は、ジョブズの目立ったストーリーについては知っているつもりだったのでおさらいのような感じかという気持ちで読み始めたのだが、いざ読みはじめると、この本の書き方自体に引き込まれていた。ともかく丁寧な取材がうれしい。さまざまなエピソードに対して、当事者の視点からの言葉が多角的に入ってくる。またジョブズについては、ここまでの徹底して強引なKY力がないと、独創的な製品はつくれないんだなと思った。iPhoneに関しても、かなり制作が進行してから、ガラスをフレームが囲むのではなく、表面全体をガラスが覆わなくてはならないと気づいて、全部やり直しにしたという。そういう目で改めてアップル製品を眺めてみるとさすがに美しく、なんとなくこうなったのではないのだなと、すみずみにまでその意図を感じて、製品への愛情がわいてくる。アップルにはぜひ彼のこだわりを引き継いで、これからも面白い製品を生み出してくれたらと思うのだが、それにしてもジョブズの逝去が残念でならない。最後のオンオフスイッチのくだりは震えましたが、なんともさみしいものがありますね。
投資・金融・会社経営,2011年12月31日,5,スティーブ・ジョブスの生い立ちが理解できます。,"本書はスティーブジョブスの生い立ちからピクサーでトイ・ストーリー製作の様子まで書かれています。
コンピューターに詳しくない人は、スティーブジョブスとはiMacやiPod、iPhoneを作った人としか思い浮かべることができないと思います。本書ではiMacを作る前、スティーブがどんな人生を送ってきたのか詳細に書かれているので新たな一面を知ることができると感じました。またスティーブジョブスを知っている人も新たな一面を知るのではないでしょうか。コンピューターに興味のある人もない人もオススメの1冊です。"
投資・金融・会社経営,2011年11月10日,5,偉人に必要なもの,マックユーザーとしては一応読んでおこうといった感じで買った．内容は大変面白い．おそらく偉人という人たちの実際はこんなもんだろうと思う．我が国の人物評伝は､いたずらにその人生を美化し時にはそんなクサイこと無いだろ，的な事も書いてある．でも，人格的に完全なひとはいないし，完全だからって歴史に残る仕事をするわけでもない．この全編を流れる狂気．何かを成し遂げるにはある狂気が必要なことをこの本は示している．誰もやったことのないことをするには揺るぎない行動原理とそのために起こってくる他者との軋轢，孤独が必要だ．すばらしい人格ではない．この本によって我々は勇気を与えられるだろう．たとえ変人でもたとえどんな境遇であっても情熱と信念こそが世の中を創造する原動力になることを教えられるからだ．月並みな美化された評伝ならばきっとスティーブ・ジョブスは出版を許さなかったろう．かれは評伝さえもre-inventした．
投資・金融・会社経営,2013年11月13日,3,電子書籍の良さが生かされていない,出た当時は本の厚みに躊躇していましたが、電子書籍で読んだコミックの「スティーブ・ジョブズ（１）」がとっても面白かったのでもっと読みたくなりました。しかし、待てど暮らせど第２巻が出ない。もう待てない、今はタブレットで読めるからと電子書籍の本書を買いました。コミック第１巻はまだ本書の冒頭部分で、本書では幼少からマック、NeXT、ピクサーあたりの時代まで書かれています。スティーブ・ジョブズが本書の執筆を依頼するにあたって、著者のものでありスティーブの本でもなければ口も挟まないと語ったとあるとおり、自伝やスティーブの口述筆記というより、これはウォルター･アイザックソンの本という印象です。その点は主人公スティーブとして描かれているコミックとは違います。どちらかというと過去からあった数々の参考文献や関係者の証言を引用して、整理するのが上手な第三者が再構成したという感じです。アイザックソン自身もスティーブにインタビューをしたそうですが、どこからどこまでがそのインタビューで、どこが他から引用したのか脚注がないので曖昧な部分が多数あります。関係者の証言も同様です。人は変わるので、そのエピソード直後の発言と、昔を振り返っての発言は異なることも多いと思います。内容に関しては、確かに良く整理されているのですが、アイザックソンはサイエンスライターでは無いからか、コンピューターの当時の状況をあまり知らないと思える記述がちらほらあります。たとえば79年ゼロックスPARCほ訪問のエピソードで、「そのころのコンピュータはDOSプロンプトにさまざまなコマンドを打ち込んで動かすもの」という記述がありますが、MS-DOSは早くて81年、それに何でもかんでもコマンドで動かしていたわけではなく、ワープロ・ソフトなどキャラクターでGUIっぽくみせたものもありました。「キーボードから文字を打ち込むと、真っ黒な画面に緑色でその文字が表示される」というのもメインフレームの端末ならまだしも当時のパーソナルコンピュータの記述としては古すぎます。それに他社のだってビットマップをキャラクターと併用して使用でき、ゲームなどはビットマップで動いていました。この辺の書き手のリテラシーは、ロスト・インタビュー　スティーブ・ジョブズ　１９９５のインタビュアーのほうが、時にはスティーブに突っ込みを入れて訂正させるほど遥かにあると思いました。そんなこともあってか、ゴシップみたいなプライベートの話とか、繰り返しスティーブが怒った話に多くのページをさいており、NeXT時代やMicrosoftにページさくならもっと書くべきことあるでしょうと少しだけ思いました。一番残念なのは、本書でNeXTが初の電子書籍を披露というようなくだりがあるけど、本書の日本の出版社はちっとも電子書籍の良さをわかっていない点です。電子だから印刷代とか倉庫代とか気にする必要ないし、読者だって数千ページあったとしても持ち歩きに困らない。たとえば、そんな特徴を生かして目撃証言　ヘヴィ・メタルの肖像なんか電子書籍バージョンでは、紙だと１ページに数点の写真をモノクロで詰め込んでいるところを、フルカラーで１ページ１点づつ追加収録。こういうのが電子書籍でしょうと日本の出版社さんに言いたいです。冒頭に数点のモノクロ写真だけというのは残念すぎます。
投資・金融・会社経営,2012年8月4日,4,iphoneとmacbook airが生まれる前夜。。。,伝説の人、スティーブ・ジョブズの生き様が書かれた一冊です。その情熱と未来を創造する力には、多くの学ぶところがあると思いつつ・・・後編を読むのが楽しみです。
投資・金融・会社経営,2012年5月6日,4,ジョブスの原点,実は先に下巻から読んで、技術的な内容などで少し不満はあったのですが、読む意欲が減った後で義務的に読んだこの上巻はその後の彼の成功を原因となるエピソードがさりげなく教訓的なことと供にかかれていてうまいと思いました。特に彼がマーケティングを学んだマイク・マークラとのエピドードなどがよかったです。
投資・金融・会社経営,2012年8月4日,5,アーティストの半生記,去年買って途中まで読んで積読していたので、どれだけで読めたのだろう。８時間ほどだろうか。１では子供時代からトイストーリー制作までの話が描かれている。ジョブズの奇行や強烈な性格が描かれていて皆が描いているようなカッコいい所が余り見えない。かなり辛い体験も同時に描かれている。アップルはジョブズが設立した会社なのにどうして会社を追い出されるのだろうと不思議だったが、スカリーとの対決や取締役会との存在によるものだと知る事ができた。２からは成功した自分たちの知るジョブズがみれると思うと楽しみである。
投資・金融・会社経営,2011年11月28日,5,ある天文学者の言葉,「自然はシンプルさと一貫性を愛する」天文学者ヨハネス・ケプラーの言葉であり、本文にも登場する一節である。1カ月にわたってスティーブ・ジョブズの一生を追ってみた感想としては上記の言葉がまさにスティーブを最もよく表わしているのではないかと思った。個人的には「Stay Hungry Stay foolish」よりも好き。まぁこっちの方がスティーブの言葉ではあるのだけれど。まず「シンプルさ」について。私は立場上、大学生のものから大学教授のものまでいろいろな論文をよく機会があるのだが、同じようなテーマであったとしても、見た目が似ていても手抜きなシンプルさと作り込んだシンプルさは雲泥の差なのだ。実際これはアップルの製品を見ても強く感じることである。私が初めて買ったアップルの商品はiPodであるが、初めて商品を開いたときに衝撃を受けた。説明書が紙一枚なのだ。でも何の不自由もなく使えてしまうのだから怖い。このように一見あっさりとした印象を受けるものでも実は練りに練られ、ユーザーが不自由なく使えるように工夫しているのがスゴイ！この本を読めばその過程や苦労をまじまじと見て取れる。次に「一貫性」についてジョブズは業界で最も古株の一人でありながら、時代が変われど自分の考えを変えることはなかった。「市場調査には頼らない」「人文科学と自然科学の交差点でこそイノベーションが生まれる」「クローズドな製品づくり」「営業ではなく、デザイナーやエンジニアの重要性を保つ」…と彼は彼なりの理論に基づいて築いた価値観を決して曲げなかった。死ぬ間際になってもである。このような彼だったからこそ、自然もとい世界中の人々から愛され、世界一の会社を築くことができたんだと思う。また、圧倒的な取材力でここまでの力作を描き上げたウォルタ―・アイザックソン氏には感服である。
投資・金融・会社経営,2011年11月12日,4,良書,"まるで“流行モノ”のようで、今読むべきか少し躊躇していました。が、思い切って読んでみました。先程読了。まだ2巻最後の一行の余韻に浸っています・・・。やはり今読んでおいて良かったです。これは伝記というカテゴリーだけでは括れませんね。あの「ビジョナリー・カンパニー」シリーズに書かれたいくつかの“要点”にも、この本でリアルな現場の姿として触れる事がで来ました。まだ所感として頭の中でまとまっていませんが、付箋を貼ったところは以下の頁でした。
・すばらしい収穫は粗末なものから生まれる、喜びはがまんから生まれる
・シンプルにする、つまり、背景にある問題を本当に理解し、エレガントなソリューションを考え出すというのは、とても大変さ作業なんだ
・「顧客が望むモノを提供しろ」という人もいる。僕の考え方は違う。（中略）だから僕は市場調査に頼らない。
個人的な思い入れを抜いてもお薦め出来る良本です。"
投資・金融・会社経営,2012年1月3日,4,盗んだアイデアを製品化させたこだわり,「優れた芸術家はまねる、偉大な芸術家は盗む」の言葉にあるようにジョブズが行ったのは創造ではなく、実は盗作だった。しかし他人のアイデアを盗んで、それを製品として昇華させる課程でジョブズの徹底したこだわりと美的センスが惜しみなく発揮されたためにMacintoshやトイ・ストーリーが生まれたと言っても過言ではないだろう。実際、GUIを最初に開発したゼロックスはあまりいいコンピューターを作れなかったし、ディズニーにもトイ・ストーリーを大ヒットする作品にまで洗練させる力はなかった。新しいアイデアを考え出すことは、極端に言えば誰にでもできる。しかしそれを製品として実現することは容易ではない。能力と資金に加えて、徹底的なこだわりが必要なのだ。今後も科学技術ではさまざまなアイデアが生まれるだろう。しかし、ジョブズのように無謀とさえ言えるような徹底したこだわりを続けることができる有能な資産家により、本当に画期的なアイデアが製品として実現されることはないかもしれない。
投資・金融・会社経営,2012年4月8日,4,ジョブズの人柄分かる本です。,口語調で書かれているので非常に読みやすかった。ジョブズがどのような環境で育ち、人格がどのように構築され、その結果、今のアップルの製品にどう反映されているのかがよく分かります。ただ、あくまで自序伝なので経営の指南書として考えている方は期待はずれになってしまいます。
投資・金融・会社経営,2012年5月19日,3,私の知らない創生記,アップル、ジョブズという単語は聞いたことがあっても理解しておらず興味もなかったころの話なのでなかなか読み進めることができませんでしたが'Uとセットでという意味では'Tを読んでいたほうがより理解が深まると思います。またジョブズという人間を構成していく中でその裏側にあったことなども書かれておりジョブズの特別な部分と凡人(またはそれ以下)な部分も垣間見れてよかったです。
投資・金融・会社経営,2011年11月14日,5,社会人の教養として?,私は特にアップルファンというわけでもありませんが、遅かれ早かれ読んでおいて損はない本だと感じました。やっぱり生き方にドラマがあるし、クリエイターとしての並々ならぬこだわりの一端が見られます。何十年かあとには教科書に載るような偉人かもしれない、その意味では教養として読んでおいていい本かもと思いました。ちょっと時間はかかりますけどね。。。
投資・金融・会社経営,2011年11月18日,5,"Stay hungry,Stay foolish","上巻だけで400ページの本だが、一晩で読めた。翻訳は平易、分り易い。ジョブズという経営者としては奇形ともいえる人物をニュートラルな視点から描いているのも好ましい。好著である。内容的には、ジョブズがアップルに復帰するまでの部分である。おそらく、下巻では彼の快進撃が描かれるのだろう。ジョブズはハーバードを出てウオール街で一儲けというアメリカの「１％」の典型からは大きくはみ出している。マネージメントを学んだことは殆ど無い。しかし、デザインに対する拘りと高いセンス、人心を操る天性の能力（極端な冷酷さと暖かさの混在）、極端なプライドの高さ、ヒッピー的な叛逆精神と東洋思想への傾倒、全てを自らのコントロールに置こうとする貪欲さ。幾つものペルソナを持ち、そのひとつひとつが飛び抜けて秀でているところに彼の素晴らしさがあり、彼を成功させ、回りの人々を振り回しいく。そして人生の最後まで「Stay hungry, Stay foolish」であったことが何より彼の生を輝かせる。20世紀から21世紀にかけての代表的な経営者の一人でありながら、決してお手本にはできない人である。「天才」としかいいようがない。彼の自伝である本書からはただただ、そのキャラクターに圧倒されるばかりである。"
投資・金融・会社経営,2011年12月9日,2,特質すべき箇所がある本ではないと感じます,タイトル以上でも、以下でもなく。ジョブス氏が大好きな方々に向けて書かれた本だと思います。ビジネス書の延長として購買を検討されている方には、おすすめしません。以上
投資・金融・会社経営,2012年1月4日,4,タイミング良し,"ジョブズについて書かれた本はいくつか読んだことがあるのですが、本書ほど詳しく書かれた物はないと思います。ジョブズが逝くタイミングで本書が発売されるなんて、改めてジョブズの凄さを感じました。
小説を読むのが苦手な私にとっては、もう少しあちこちに挿絵を入れてほしかったです。あと字が小さすぎるのも気になりました。"
投資・金融・会社経営,2011年10月31日,5,パーソナルコンピュータをその成立の背景を深く理解しながら一連の歴史として理解できる貴重な一冊,これまでの本人未承認の(伝記のような)書籍とは一線を画し、記載内容がとても深くてリアリティがあると思う。1970年代終盤から80年代前半のマイコンブームで起きた事実、Windows、OS/2、NeXTに関してこれまで語られていることや、2005年のスタンフォード大学でのスピーチと照らし合わせて読むと、ジョブズの視点、アップルの視点、アップルを取り巻く外部環境からの視点の3つから事実を観ることができ、これまで外面的に語られてきた出来事の背景がより深く理解でき大変興味深い。また、特にジャン＝ルイ・ガセーについては、BeOSの開発者としてこれまで捉えていたが、Mac事業部門を統括していたジョブズが追い出されたあとの後任であった上に、Mac OS Xにつながる後継OS選定(NEXTSTEPかBeOSか)時の負けっぷりからも、ジョブズとの明暗の対比が鋭角的に描かれており、後継OS選定時のPC雑誌の記事をリアルタイムで読んでいた記憶と照らし合わせると、これまた大変感慨深い。パーソナルコンピュータを、その成立の背景を深く理解しながら一連の歴史として理解できる貴重な一冊であると思う。
投資・金融・会社経営,2011年12月3日,4,奥が深いです。,ジョブズも一人の人間ということが分かる本です。とても奥が深いです。新品で二千円くらいする本なので、貧乏な私には痛い出費でした。ですが、二千円の価値はあります。コンピューター好きの人間なら一度は読むべき作品です。
投資・金融・会社経営,2011年11月26日,4,仕事か、家庭かを考えさせられた。,本書を読了して思ったのは、彼が完全なる仕事人間であったということ。仕事人としては成功者だろう。しかし、家族は幸せなのだろうか？彼は家庭を省みなかったことを認めているし、家族を思い浮かべると少し可哀想な気がする。本の内容については他の方々がおっしゃることに共感しますし、彼が偉大な人物であることがすごく伝わった。
投資・金融・会社経営,2011年10月26日,5,大変面白いノンフィクション,世界を変えた偉人の姿を、きちんと書ききっている素晴らしい本だと思います。カリスマとはこういうものなのか、ということをわからせてくれる本です。良くも悪くも常人とは違う。世界にはこのような人たちもいて、そのような人たちが動かしているのだなあ、と思わせてくれます。実際にはいろんな見方があるので、そう決めつけるのもなんでしょうが。そう思わせてくれるだけの質を持った本であることは確かです。ただ、ジョブズのようになりたい、と読むには向かない本かもしれません。一般人にも親近感を持って、自分にも見習えそうだと思わせてくれる、という書き方はされていません。少なくともこの本を読んでジョブズを見習ったら、ただの嫌な人になって終わるのではないでしょうか。その嫌な面もうまく利用できたからこそのジョブズだってのはよくわかる構成になっていますけどね。ジョブズが死んで以来、ネットを見ても、ジョブズの言動を紹介した記事があふれているようです。中にはこの本からネタを拾った記事も多いようですが。いくつかのエピソードを並べて簡単にまとめただけでは、非常に浅い理解にしかならない、ということがこの本を読んでみるとわかります。読んでみるべき本ではありますね。
投資・金融・会社経営,2011年10月26日,5,抑制の効いた「記録」に徹した、その真意はいずこに?,"このタイトルが、まずは「I（上巻）」を読み終えたワタシの感想です。スティーブ・ジョブズを英雄扱いしたりせず、彼以外の視点や意見も軽んじることなく....つまりは著者が「現実歪曲フィールド」に絡め取られることのないように努めた結果であると思います。できる限り「事実」をとらえて整理し、できる限りニュートラルな「記録」として世に送り出そうという。スティーブ・ジョブズ本人、および、彼が精神的支柱となって生み出してきたプロダクトや環境への思い入れが強い方には、全くもって物足りない（それこそ紙のムダ！）だと感じるでしょう。もっとスティーブのポジティブな面、世に与えてきたプラスの面を強調すべきではないのかと。そして本書を出すにしても、彼が生み出してきたものにふさわしい体裁や売り方があるんじゃないかと。しかしそんな本は「Apple信者」以外は誰も読まないでしょうし、出たとしても（信者らの熱意の反作用としての）猛烈な批評を集めるだけでしょう。こんなもんは自慢話に過ぎんじゃないか、Apple信者以外誰が読むんだと。売り方に関する文句や苦情に関しては何をか言わんやです（！）。それはさておき、今後関心を集めるのは、本書に書かれている内容ではなく（ある意味本書は「スティーブ・ジョブズを軸とした、多少裏話の多いパソコン業界の歴史本」だともいえるわけで、その類の本は決して珍しくありませんから）、「本書に関しての、スティーブ・ジョブズの姿勢」でしょう。
これまで、自らが関わるものには微に入り細を穿つまで、自らが納得するまでダメ出しをやめなかった彼が、本書に関しては「内容に口出しもしなければ、ゲラにダメ出しもしなかった」というではないですか。その理由は「親族には自分のありのままの姿を伝えたかった」とされていますが....それだけだったのでしょうか。自らが「死」を意識し、残された時間が「有限である」ということを受け入れたとき。
もはや、（少なくとも）自分自身を、ありのまま以上のものとして世界に受け入れさせる必要を感じなくなったのではないでしょうか。ある意味、過去も含めた自分自身を世界に向けて「投げ出してもよい」と。著者は、そうしたスティーブの意を汲んだからこそ、伝説や武勇伝ではなく、抑制の効いた「記録」として本書をまとめたのではないかと。

近日発売の「'II（下巻）」を期待して待ちたいと思います。"
投資・金融・会社経営,2011年12月15日,4,翻訳がすばらしい,翻訳がとても良いように感じました。ボリュームのある本ですが、とても読みやすく、ジョブズについて知りたい人、興味ある人はこの本から入るといいと思います。さまざまなところで、さまざまに語られる伝説の経営者ですが、まずは一貫した文章で人生を俯瞰するのが良いかと。そのうえで、賛辞・批評などを読み、自身で判断されるべき。稀代の経営者であることに間違いはないのだし。
投資・金融・会社経営,2012年1月1日,5,２１世紀を発明した男の生涯とは?,"これはすごい!確かにこれを読まなきゃ、未来は語れませんね。以下参考になった点です。
* 一生砂糖水を売り続けるつもりかい？それとも世界を変えるチャンスにかけてみるか？
* ビルゲイツとジョブズの仲が泣ける。Microsoftの連結を電話で確認して。最後、ビル、君の連結に感謝するよ。これで世界が少し良くなると思うよと。
* キリストのように考えるとか、世界をどうのように見るかとばかり考えていると、信仰心ばかり生まれて、大事なことが失われします。
* ジョブズは音楽に対しても情熱を持っていた。
* ジョブズは人が開発したものもユーザーフレンドリーにする、パッケージにまとめる、マーケティングする、そして利益を上げる方法を思いつく。
* 禅から大きな影響を受けている。ぎりぎりまでそぎおとして美を追求する、厳しく絞り込んでいく集中力も禅から。
* 大学を中退して実家へ。仕事を探す時、雇ってくれるまで帰らないといいはる
* 僕がインドに行った時よりも米国に帰ってきた時の方が各チャーショックだった。インドの田舎にいる人は僕らのように知力で生きているのではなく、直感で生きている。そし て彼の直感は、ダントツ世界一に達している。直感は知力よりもパワフルである。これは僕の仕事に多いに役にたった。
* 21世紀を発明した人がサンダルをはいて、マリファナを吸ったヒッピーだった。その理由は彼から世間とは違う見方をする人だった。東海岸や英国、日本などの階級社会では他人と違う見方をするのは難しい。
* 必ず儲かるとは言わず、絶対に面白い経験ができると誘った。
* ジョブスは有名な投資家のところに融資をしてくれと訪ねた。すると、私に投資してほしいなら、まずマーケティングと物流がわかり、事業計画を作れるひとをパートナーに選びなさいといわれる。ジョブスは年上からアドバイスされると、反発するか、さらにアドバイスを求めるかをする。この時は3人紹介していただけませんか？という。
* 人は確かに表紙で書籍を購入する。最高の製品、最高の品質、最高に便利なソフトウェアあってもそれをいい加減な形で提示すればいいかげんなものだと思われてしまう。プロフェッショナルかつクリエイティブな形で提示できれば、評価してほしいと思う特性を人々に印象づけることができる。Iphoneやipodの箱を開けたときに何を感じるか、その製品に対する思いを決める第一歩になってほしいと考えている。
* 人類がなし遂げてきた偉大なものにふれ、どんどん自分の課題に取り込む。ピカソもどんどん盗んで自分のものにした。
* ジョブスはすべてを2分化してしまう。すまり最高か最悪か。賢かバカか。
* アップルでは週に90時間は喜んで働こうというTシャツをきていた。
* 優れた工芸品は見えないところもすべて美しく仕上がっているもの
* 海軍に入るより海賊になる。どんなものにも立ち向かう反逆者魂をもってほしい。自分達がやっていることに誇りを持ちながら周りからどんどん盗む人になってほしい。アップルは旗を上げようといいだした。
* 工場も完璧に。床に直接食べ物を置けるくらいに奇麗にする。
* 時代は変わる。今日の敗北者も明日の勝者に変わるだろう。
* 僕が得意なのは才能がある人を集め、何かを作ることだ。"
投資・金融・会社経営,2013年1月7日,1,何じゃこれ(感想)→ゴミ箱行きへ,"Steve Jobs の日本語の翻訳版 (I, II)をみて、何じゃこれ(感想)→ゴミ箱行きへ。原文と比較しましょう。４分の３は、同じ翻訳者が iCon ですでに書かれている。そうそう、
Apple's ""Think different"" commercial, 1997　
The people who are crazy enough to think
they can change the world are the ones who do.
すらか割愛されている。それに、本文の人間関係を示している、 Characters もない。ここの最後は、Apple の共同創業者の　Steve (敬意を表してあえてStephen)　Wozniak が　記載されている。また、各章の最初に載せてあるApple 関連の歴史を示した貴重な写真もすべて割愛されてしまった。ああ、Apple i, II を開発したのは、実は　Steve Wozniak 単独です。Steve Jobs は、単なる一セールスマネージャーで　
Wozの仕事を見ていて、技術的なことをWozから教示してもらっていたんだ。Notes も　Index も割愛：なんだ、この日本語翻訳本の存在価値が皆無ですね。
iCon： Steve Jobs by Jeff. Young. JP ver. 井口耕二
Steve Jobs , by Walter Issacson JP ver. . 井口耕二
ほぼ同じ。誤訳多し。"
投資・金融・会社経営,2011年10月26日,4,稀代の革命家,先日亡くなった、スティーブ・ジョブズ氏の伝記です。生前から、氏の産み出した製品によって世界一有名な経営者として名を轟かせていましたが、亡くなってからはより一層氏の軌跡が賞賛されています。伝記の中では、氏の生い立ちや仕事に対する姿勢、情熱が細やかに描かれています。一般の人にはとても真似のできない行動や考え方ばかりで、ただただ圧倒されるばかりです。自身の人生に参考にするかはさておき、一度読んでおく事は決して損になる事はないと考えます。
投資・金融・会社経営,2011年11月12日,4,"""公式伝記""の限界",本著は公式伝記で、スティーブが著者に依頼して書いたものだと言う。この伝記に関して、著者はスティーブが干渉することはなかったと繰り返し言っているが、スティーブの持ち味は全てをコントロールすること、また、彼の情熱の向け先はいつまでも続く会社を作ること、と本著でも繰り返し述べられている。また、スティーブは相手を意のままにする力を持っていると著者自身が言っている。そう、この本はiPhoneであり、iPadであり、iPodである。彼の最後の作品だ。その作品はクローズドであり、わざわざ“公式”と名付け、自分自身のことにさえオープンを認めない態度が伺える。死後、自分が管理していない本がこの世に溢れるのは絶対に嫌だったのだろう。そのスティーブが認めた本である。多分に彼の悪いことが書かれているがそれは彼にとってどうでも良い部分。スティーブが絶対に認めないところは著者もスティーブに“無意識の内に”コントロールされていると感じる。スティーブが訴えたかったのは何か。彼が残した作品が如何に優れているか、製品に対する考え方が如何に正しいか、そして『アップル社』が永続することである。そのポイントは外さないところに、“公式伝記”の限界はあろう。でも、スティーブ好きです。部下になりたくはないが(読めば分かる!)。
投資・金融・会社経営,2012年10月6日,1,誤訳・珍訳・悪訳,"書籍やソフトウェア等のコンテンツ商品で誤りを指摘されたら、普通は１つミスがあればその１０倍ぐらいは同様のミスがあると考え、全体を見直すのが普通ではないでしょうか。この本は出版直後に幾つか誤訳が指摘されたようですが、「ジョブズ 誤訳」でググるとその後も多くの誤訳・悪訳が指摘されていることがわかります。少し例を示すと...
I p199
”corporate counsel""が「産業カウンセラー」→正しくは「社内弁護士」
I p232
""Down the hall, Atkinson heard the loud cheer""が「ホールの反対側にいたアトキンソンは」→正しくは「廊下の向こう側にいた」
この誤訳は2005年の「iCon」にもある。
I p340
""I haven’t got any sort of odd chip on my shoulder""が「変なチップなんて、僕の肩には埋め込まれていないよ」→正しくは「別に喧嘩を売ってるわけじゃない」
ちなみにこの表現は「iCon」にも２箇所出てきていますが、訳者は２回とも誤訳しています。（この訳者はイディオムが弱点か？）
II p96
""But to me, nothing could be further from the meaning of design""が「でも僕にとっては、デザインの意義を超えるものなんて考えられない」→正しくは、「でもそれはデザインの意味を全く取り違えている」
この誤訳は「iCon」にもある。（訳者のブログにも掲載されているようで、「全世界に誤訳を発表してマゾか？」との声もあり）これ以外にも誤訳・悪訳が数えきれないほどあります。（くわしくはネットで調べて頂ければわかります）上下巻あわせて約４０００円という高価な本なので、誤訳に対して文句の１つも言いたくなるのが人情です。誤りを指摘されたら訳者が個人ブログで言い訳するという対応ではなく、出版社側で訳を全部見直して正誤表を出して頂きたいと思います。"
投資・金融・会社経営,2011年10月26日,5,短所も長所も含めて、「人間」スティーブ・ジョブズに魅せられる一冊,まるで映画の筋書きを読んでいるかのようにものすごく面白く、一気に読めました。「スティーブ・ジョブズ l」では、スティーブ・ジョブズの生い立ち、幼少期から青年期、Apple l開発、アップル設立、Lisa開発、Macintosh開発と大ヒット、そしてアップルからの追放、ネクスト設立、結婚・子供誕生、ピクサー設立とトイ・ストーリーのヒット、までが描かれています。描写が非常に具体的で、ジョブズを取り巻く人々の口から語られる言葉がふんだんに盛り込まれています。冗長にドラマティックに書き立てることなく、事実やインタビューにそって淡々と記述されているため、手に取るようにジョブズの生き様が伝わってきます。短気ですぐ人を怒鳴りつけるわ、感情をコントロールできずすぐ泣き出すわ、と、ステージ上のスマートでクールなジョブズのイメージと全然違う仰天エピソードがたっぷり出てきます。が、頁を進めるほどに、だんだんとジョブズの何もかもをコントロールしようとする異常なほどの完璧主義、高い美意識とデザインへの強いこだわり、現実歪曲フィールドで不可能を現実にする力、恐ろしいほど人の心を掴んでしまう視線、魔術師のようなプレゼンテーションなどなど、ジョブズしか持ち得ないカリスマ性に魅せられていきます。偉人として手放しで褒め称えて描かれていないからこそ、逆に「人間」としてのスティーブ・ジョブズがよく伝わってきて、ジョブズの気持ちがよく理解できるような、ジョブズに味方してあげたくなるような気持ちになりました。「海軍に入るよりも海賊になるほうがずっと楽しい」「世界を変えるんだ、そういうマシンを作るんだ」「できるだけ美しくあってほしい。箱の中に入っていても、だ」「洗練を突きつめると簡潔になる」などのジョブズの言葉は、アントレプレナーという枠を超えて、革命家のような、アーティストのような、とにかく「めちゃくちゃすごい(insanely great)」天才なのだなと思わせます。改めて、惜しまれる死に心から哀悼の意を表したいと思います。
投資・金融・会社経営,2011年11月7日,5,異常な企業ＡＰＰＬＥ．,これは会社のCEOの伝記ではなく、内容はROCK MUSICIANの伝記と言っても良い。ジョブスが影響を受けたモノや人物は完全にサブカルチャーの世界であって、普通の企業人とは全く違う。これほど製品と企業トップが一心同体な企業なんてない。楽曲と音楽家、作品とアーティストの関係と言っても過言では無い近さである。どれだけAPPLEという会社が、異常で特異なのかがよく理解出来る本でもあると思う。
投資・金融・会社経営,2011年10月30日,5,読み応えアリ,私は特にジョブズの大ファンというわけではありません。しかし、この伝記を読んで、なぜ彼が多くの人たちから「天才」「カリスマ」等と呼ばれたのかが理解できました。上巻に出てくるエピソードだけ読んでも、彼の思想や生き方がとても豪快で大胆だということがよくわかります。彼の人間性に魅かれる人と、彼を避ける人とに極端に分かれるのは当然だと思いました。私は上巻を読み終えて、彼に魅かれることになってしまいました。下巻が楽しみです。
投資・金融・会社経営,2011年11月10日,4,読みにくい日本語,"英語版は読んでないが、日本語の翻訳読みにくい。すらすら読めない。ひっかかる。突然、”母親が”　　と出てきて、誰の母親?英語では、jobs, steve, steve jobs というように、同じ人物を呼称を使い分ける。
翻訳でこれをやられると、誰だかわかりにくい。もちろん、steve jobsは、わかるに決まっているが、なじみのない外国人の名前をあれこれ変更されると困惑する。誰がしゃべっているのか判然としない場所がある。原著の英語に書いてないなら、訳者が補わないと、あれ?　ということになってしまう。急ぎで翻訳したので仕方がないのかもしれないが、それだったら、値段安くすべき。まだ途中だけど、この先読み続けるのかと思うと、頭が痛い。英語得意じゃないけど、英語版キンドルで買うかな・・・電子書籍として出してくれたのはありがたい。分厚い本は、もったいなくて捨てにくい。でも場所を取るし、始末に困っていた。値段下げなかったのは、今、この時点で出版社に被害を与えるわけにはいかなかったからだろう。値段80%にしたら、電子書籍は確実に前に進む。【追加】2011-11-12今、２巻とも読み終わった。非常に面白かった。外国人の名前がわかりにくいのは最後まで印象が変わらなかったが、途中で、外国人の名前をインターネットで検索してどのような人かわかったら、すごく読みやすくなった。いろんなレビューがでているが、プロが書いたレビューでも勘違いしているのではないかと思われるものがある。是非、自分でよむべきだ。レビューを読んでこの本を読んだ気になってはならないと思う。"
投資・金融・会社経営,2011年10月26日,5,人間ジョブズが立ち上がってくる本。,アメリカ有数のジャーナリストが、膨大なインタビュー、多数の知人への取材をしてまとめたジョブスの伝記。彼をウォッチしている人、ＩＴ業界に詳しいことなら誰でも知っているイベントを一人の人間であるジョブスの視点から生々しく書かれていて一時も目を離せない。彼の奥さんの「美談はＮＯ、彼の弱い部分も描いてほしい」というアドアイスも生きている。ジョブスという偉大な人間も、悩み多く、ネガティブな感情に時に流される様子が描かれている。だからこそ、ジョブスという本が立体的に立ち上がってくる。正直、ページ数が多くて骨が折れる。しかし、その分濃密な感動を得ることができる。間違いなく、今年一番の本だ！
投資・金融・会社経営,2011年10月26日,5,スティーブ・ジョブズ本人の申し出から生まれた決定版,"「2004年の初夏、私のところにスティーブ・ジョブスから電話があった…（中略）…散歩をしながら彼に頼まれたのは、『僕の伝記を書いてくれ』だった」。たぶん、いい本だろうなと思って出版を心待ちにしていたが、少なくとも今読み終えたこのI巻の範囲では期待通りもしくはそれ以上の内容だった。2011年10月5日に他界したスティーブ・ジョブス本人の生前の40回のインタビュー、さらにかつての盟友や親族や各界の大物を含む関係者達の協力の元、綿密で慎重な取材に基づいてまとめられた伝記になっている。著者はベンジャミン・フランクリンやアインシュタインなどの伝記を手掛けて賞賛を受けてきた、CNNのチェアマンで雑誌TIMEの編集長も歴任したジャーナリスト。本書の執筆にあたっては内容への干渉は受けず、スティーブの妻のローリーンから、彼の強さだけでなく弱さについても正面から取り上げて欲しいという希望を受けたそうだ。実際、その通りの内容になっている。また、複数の証言で見解に相違があり、両論併記の姿勢をとっているところが時折ある。豊富なエピソードと証言が満載されている。このため詳細で、しかも面白い。出生と養子。機械エンジニアだった父からの影響。ウォズニアックとの運命的な出会い。大学中退。アタリでのエピソード。禅への傾倒。インド訪問で得たもの。奇妙な食事や身なり。アップルの設立。ゼロックスとの協調で得たGUI技術の知見とその発展。IBM互換機との対決。マッキントッシュ。協調関係にあったMicrosoftがWindowsの開発を決めたことで怒ったスティーブがビル・ゲイツを呼び出してやりあうシーンや、ジョン・スカリーとの蜜月が崩れてスティーブがアップルを追い出される経緯は細かく書かれている。NeXTの設立と失敗。そしてピクサーの成功。実の両親探し。恋愛や結婚そして家族。様々な登場人物たちや彼らが生きていた時代背景、熱気、興奮、対立、混乱、挫折、希望。幅広い視点から、この偉大な企業家の足跡をしっかり描いている。今後、「スティーブジョブスの伝説」を語る上だけでなくIT業界におけるイノベーションの歴史を語る上でも、欠かせない重要な文献の一冊になってゆくだろう。

英語版では一冊だが656ページにものぼる大著なので、翻訳でさらに総ページ数が増えて2冊に分かれてしまうのは仕方の無いところではないかと思う。実際、このI巻だけでも448頁もあって読了まで時間を要した。尚、翻訳物独特の読みにくさはさほど感じなかった。"
投資・金融・会社経営,2011年10月25日,5,偉大な経営者が必ずしも清廉潔白である必要はない。大事なのは何を生み出したかだ。,"上下巻に分けるのはちょっと微妙なんじゃないかとか、電子書籍版が値段同じなのはどうかとか世界同時発売にこだわったわりに、日本の電子書籍版はapple storeでは発売日にアプリで買えないとか本の帯が少しイメージにそぐわないんじゃないかとかなどなど講談社さんに色々突っ込みたいことがある人は多いでしょうがここでは本の内容のみのレビューとします。訳者は井口耕二さんで数々のアップル関連本を手がけており、アップル創業者のウォズニアックの自伝も日本語版に訳しておられます。本来8〜9ヶ月は最低かかる一般書の翻訳を今回は3ヶ月程度のスケジュールでこなさなければならなかったそうで、翻訳の質をさすがに多少心配していたのですが原著の雰囲気通りに仕上がっており、素晴らしい仕事だと思います。
上巻の内容は「ジョブズの生い立ちと子供時代〜高校大学〜アップル創業〜アップル2誕生〜マック誕生〜
アップル追放〜ネクストプロジェクトとピクサー」までです。アップルに復帰して、imacやiPhoneを
生み出すのは下巻からですね。偉大な経営者ということはなんとなく知っていても、スティーブ・ジョブズの行ってきたことについては、この本で初めて知ったという人も多いでしょう。「人間としてそれはどうよ」とか「あからさまに犯罪だろ」みたいな行為もあるので、結構ショックを受ける人も多いかもしれません。しかし、ジョブズが偉大な製品をいくつも生み出し、劇的に世界を変えたのは事実です。この本を読んで彼の人格が好きになれない人もいるでしょうが、それはそれとしてジョブズが素晴らしい製品を生み出してきたことを忘れないで欲しいとも思います。ちなみにジョブズと共にアップルを創業したウォズニアックの自伝「アップルを創った怪物」を同時に読むと、2人の言ってることや見方が食い違ってるので、どちらを信じるかとかどっちが本当なんだとか、色々比較できて面白いのでかなりお奨めです。"
投資・金融・会社経営,2013年2月17日,3,うーん・・・,訳がなぁ。日本語がちゃんとあるにも関わらずカタカナ表記が多すぎる。また「いく」と記載すべきところが「ゆく」となっている。訳者は恐らく日本語が苦手なんだと思う
投資・金融・会社経営,2012年1月9日,1,自分勝手なプロデューサー、反面教師本としては今の時代に合っているかも。,結局虚業の人物だと思いました。人物面では極めて、自分勝手であきれました。ビジネス面では、基本的に人のクリエイティブ能力を逆に後退させた商売人とおもいました。得るもののない物は読まないほうが気分がよろしいと判断、下巻は注文せず購入した上巻は既にすてました。こんな読後感の悪い書籍はまれですが、それはそれぞれの方が判断されればと思います。映画ソーシャル・ネット・ワークを評価される方はどうぞ、私自身は両方ともヘイトです。
投資・金融・会社経営,2011年10月28日,4,カウンターカルチャーの申し子,読み易い部分と読みにくい部分がある。彼の人生を追っている部分は読み易いが、コンピューターに関する部分は事前知識が無いとかなり読みにくい。彼の関わった製品なども写真で載せてくれるとありがたかった。あとは人物相関図、登場人物の一覧（説明）、用語解説、シリコンバレー周辺の地図などがあればもっと良かった。そういった工夫がなされていると親切でイメージが湧き易く万人が満足するものに仕上がったと思う。改訂する場合は是非参考にして頂きたい。ジョブズのヒッピー時代、ベジタリアン、禅のことやミュージシャンとの逸話などは興味深いものがある。ボブ・ディラン、ジョーン・バエズ、グレイトフルデッド、ミック・ジャガーなどの記述はあるが、影響を多大に受けたであろうと思われるビートルズやジョン・レノンのことは１巻目では一切出てこないのが不思議である。２巻目のitunesのくだり辺りで語られるのだろうか。日本に憧れを抱いていたことがわかるエピソードも多数有り、日本人として非常に光栄に思う。価格は高めだが内容には非常に満足。早く２巻目を読みたい。
投資・金融・会社経営,2011年11月8日,1,不完全な邦訳,原書 Steve Jobs を手にいれました。原書は630頁ですが、本文は571頁、その後の60頁弱は、謝辞 (ACKNOWLEDGMENTS) 出典 (SOURCES) 覚書 (NOTES) 索引 (INDEX) 挿絵クレジット (ILLUSTRATION CREDITS) と続いています。邦訳本ではこれらの全てが欠落しています。いかに急いだとはいえ、すばらしいジョブズの公式伝記を、こんな不完全な翻訳本での出版ははないのではないかと考えます。そう言えば、最初の CHARACTERS 登場人物の部分4頁分も欠落……しています。
投資・金融・会社経営,2015年6月9日,1,黒いジョブズのイメージがあまりないなら読むことを勧めません,"読書前、ジョブズに対して好意的な印象を受けていたのですが、この自伝を読んで見方が１８０度変わりました。ものすごい自己チューで、周りを巻き込み、困ったら泣き落しや罵詈雑言を言ったり、ドラッグやったり、自分が親から捨てられたと言っている割には、自分の子供は認知しなかったり…。世間で成果を挙げていなければ恐らく多くの非難を受けても仕方ないような印象を受けました。（そんな黒い部分を自伝にありのままに書くという点は評価できますが）この本を読んで思うのは、ジョブズはとにかく自己プロデュースが上手かった、人を惹きつけるのが上手かったという事。周りを巻き込み、周りから支えられてこそのジョブズではないかと思います。（まぁ、そんな人たちを平気で足蹴したりするのですが）
長く読みにくい上、ジョブズに対しての好感度がグングン下がったので後編は読みません。"
投資・金融・会社経営,2011年10月25日,4,値段がちょっと高い,先日亡くなったスティーブジョブスの本。許可を得て近くからジョブスを見てきた著者だから書ける内容。内容が濃くそこそこジョブスに詳しい人でも新しい発見がきっとあるはずだ。この本は上巻となっていて続きがある。マイナスだなと個人的に思うのは値段が高めであることだ。世界各国で販売されている本書であるが日本語版の装丁が故人の意思を尊重していないのではという指摘があるらしい。ただこれが気になるかどうかは人によるとしか言いようがない。違和感は特に感じなかった。
投資・金融・会社経営,2011年12月3日,4,やっぱり。。。,"この翻訳の素晴らしさ、日本語の語彙を十分に生かした文体は評価に値する。訳者は日本語をキチンと勉強をしてきた人なのであろう。滑らかに目に入ってくる文章を読んでいくのは心地よい。ではオリジナルはどうなのか？というとそれは別問題。所詮、アメリカ人のジョブス氏の取り巻きの一人である。推して知るべし。実は訳者もジョブス氏関係の著作物を中心にして翻訳をしているらしい。取り巻きの一人か？
仮にそうであっても文体が美しいのは事実。少なくとも私の周りでアップル社のPCを使用している人は皆無。例のゴミみたいな携帯プレイヤーを持つ者は大勢いるが。それはやはり頭の中身が「大味」という組織で形成されるアメリカ人故の耳の悪さで構成された携帯プレイヤーだった。あれならカセット・ウオークマンの方が音、いいだろ。それはないか。イッセイ・ミヤケのタートルネック、リーヴァイスの501を愛用、というか戦略だろうな、あの格好。既にあの格好を見て、直感的に「マズイ」と思ったものだ。何がマズイのか、直感だから説明不能。とにかく近寄ってはいけない、と頭の中のどこかで警報が鳴ったのだ。仏式で結婚、禅に傾倒とか、胡散臭さが充満。よくそういう欧米人いるよな。そういえば、臨月のシャロン・テート嬢を殺害したアイツも確か、そうだった。欧米人で禅とか仏教にハマル奴、大概、どこか根本的におかしい。勘違いしている。アメリカ人、大好きな日本人。ジョブス偉大なり。この程度の発想だろう。という環境では、それほど世間が騒ぐ意味が良く分からない。中身はよくあるビジネス成功者の立身出世物語とさして変わらない。そんな凄い人ではない。アメリカ人らしく適当に大味だし。勘違いしている連中が大勢いるが、ジョブス氏は偉大な発明家ではない。偉大なのは間違いないが、ビジネスマン、だということ。成功するためなら（金儲け）のためなら、誰でも多少は犯罪まがいの行為に手を染めるだろうし、中の良い友人ですら、手を切るだろう。彼もまた例外ではない。全ては金儲けのためだ。そんなの当たり前の話。となれば、自ずと分かるだろう。少なくともビジネスマンの成功例としては意味があるが「革新者」というほど凄い事していない。よっぽど、入院中のジョブスを訪ねたビル・ゲイツ氏との会話を網羅してくれた方が面白いと思うが。同じ穴のムジナ同士が何を喋ったか、ね。「あん時、XPをリリースしなきゃ儲かったんだけどね」「そうなの？」とか。この本の印税は彼の女房と著者に配分される。少なくとも彼の下で身を粉にして働いたアップル社の社員には渡らない。この本の出版を女房が急がせたのは有名な話。どこまで金の亡者なのか。もう一つ、この本を有難がって賞賛する日本人。どこまでおめでたい人達なのか。こういう人を賞賛する類の人達は、また別の何か胡散臭いヤツが現れると、そいつに傾倒し「時代の寵児」とかのアイコンを与えて、それこそ時代の裏を闊歩（金儲け）する。そう、要は主役より、遥かに胡散臭い集団の出来上がり、というわけだ。胡散臭いというより、不気味にすら思える。田舎から出てきた変な歌手が薬物使用で逮捕され、恐らく今でも使ってるのに被災地へ行って自衛隊を励ます歌を歌って、自衛隊隊員から感謝されるって図式。おかしいだろ。アイツは薬物で逮捕されてるヤツだよ。事故じゃないよ。自分の意思で薬物に手を出してるヤツだよ。お隣の国では問答無用で死刑だよ。そんなヤツに何故、公民が感謝する？そもそもそんなヤツ、公の場に偉そうに顔だすべきじゃないだろ。こそこそ隠れて一生終わるのが筋だろ。正当防衛で、人を殺めたってのとは決定的に違うぞ。関係無い話のようで、実はこの国の人の対応について違和感のある話という意味で似通っている。今朝の朝刊に本誌の広告が掲載され、読者のコメントが同時に掲載されていた。ある特定の集団が絶賛する「何か」が危険だという事を、この人たちは何故、それこそこの本誌から学ばないのだろう。とにかく、このおかしな「図式」「胡散臭さ」に脳味噌の何処かで警報が鳴らない人は、どこか壊れてきている。"
投資・金融・会社経営,2011年10月27日,3,原著と翻訳版のどちらを買うか迷っている方々へ,"原著は全体を早く読み終わり、翻訳版は上巻のみを読み終えました。原著と翻訳版のどちらを買うか迷っている方々も多いと思うので、私の読書体験が参考になれば幸いです。
●原著を先に買う場合
英文の細かいニュアンスまで正確に把握したい場合に向いています。
また、原著の英文も難解な表現が少なく、ある程度英文を読んでいる方にとっては、読みやすい文章です。原著：Steve Jobs [Hardcover]　Walter Isaacson (Author)
（ http://www.amazon.com/dp/1451648537/ ）に載っている「LOOK INSIDE」の中の英文をお読みください。翻訳版もよく訳されていますが、１行戻って読み直さなければ理解できない箇所が多少あります。
つまり、１行分、文章の流れに逆戻りするということです。その点、原著（英文）は、文章の流れに沿って、頭から順番に読めるので、疲れません。また、原著にあるダイナミックな表現まで味わいたい方は、やはり英文の原著をおすすめします。特に、形容詞や副詞の表現において、違いが分かると思います。その他、些細なことですが、本の価格やデザインを気にする人は、原著がよいと思います。
●翻訳版を先に買う場合
短時間で本の内容を早く把握したい場合に向いています。ある程度英文が読める人にとっては、原著の方が読みやすいのですが、英語が苦手な人にとっては、英文を辞書を引きながら読むには時間がかかり過ぎます。既に書いたように、原文と翻訳版との表現において、ニュアンスの細かい違いがありますが、この違いを気にしなければ、翻訳版で十分だと思います。"
投資・金融・会社経営,2011年12月26日,1,残念ながら読むほどに,"スティーブ・ジョブズはどんなにすごい人なんだろう、と期待して読むと物凄くガッカリすることに。 出生が複雑なのは同情しますが、ドラッグでラリったことを発想のために肯定してたり、極端な嗜好や行動だったり。頭は良かったけど行いはあまり尊敬できなかったようです。そういう陰の部分を隠していないのは本書の良さもしれませんが、一般人は真似したいと思うことが少ないですね。 彼を支える周りの人達がむしろ素晴らしかったというべきか。実際製品を作ったエンジニアがもっと賞賛されてもよいのでは。光を浴びる彼の陰に被害者もたくさんいたことだろう。 それと、タイミングで急いで作られた本という感じがします。 以下感想まとめ。 両親に捨てられたその時から、彼の自分探しの旅は始まった。余計な物を極限まで削ぎ落とし、究極の自己存在価値を求めた結果がiPAD,ipodなどの彼が開発した商品たちなのでしょうか。 だからといって両親に捨てられた彼や今日の人類はラッキーだったのか? iPADのような商品はおそらく彼じゃなくても早晩作られる物であったのかもしれない。 やはり彼は無意識的には捨てられたことの呪縛から逃れられなかった人生だったのではないか? そしてそれを最終的には商品という形に昇華させることができたが、それは勿論彼一人の力ではない。 何かを背負った人、そうでなく普通に来た人が互いに支え合って、何かが生まれるのかもしれない。 本としては残念ながら★一つ。 多分ですが今しか読まれない本という感じがします。"
投資・金融・会社経営,2013年7月13日,1,駄作,この人物からは学べることが何もない、と言ってしまって構わないだろう。ジョブズの考えを一言で言ってしまうと「俺はすることが何もかも正しい。俺は他人の物をどれだけ取っても構わない。しかし他人は同じことをするのは許さん。なぜか？俺は神だから」という考え方である。これは日本人のみならず、当国の人にもとても受け入れられない考えだ。ジャ○アン以上にタチが悪い(笑)ジョブズを天才と担ぐ人もいるが、どうみても天才とは言えない。日本企業の中にはこれより優秀な人物はゴマンといる。自信を無くさぬように。まあこれだけ偏屈で捻じ曲がっているから、少数派にしか受け入れてもらえなかったのだろう。これならばまだビルゲイツのがマシである反面教師にはなるが、金と時間の無駄になる方が大きすぎる
投資・金融・会社経営,2011年11月1日,3,想像していたイメージ、性格とは違った,ジョブズのプレゼンのうまさ、ユーモア、親しみ易さ、アップルの製品の可愛らしさ、細部の作り込みのまじめさなどといったものを期待してこれを読むと少しがっかりしてしまうかも知れません。アップルがたった一人の奇才・暴君に会社の運命を委ね、一か八かの危険な賭けを繰り返していたという印象を受けました。同社の先行きが心配になります。とはいいつつも、世界を変えるようなイノベーションは、このような奇才にしか生み出せないのでしょう。日本もこの手の奇才を若いうちから発掘するような仕組みを作らないといけません。そのためには、出る杭を打たないどころの話ではなく、犯罪まがいの行為や非道徳的行為まで許容するくらいの懐の深さが必要です。
投資・金融・会社経営,2012年1月3日,1,とくに,プレゼンで解る事ですが、ジョブスは起業家というより、歌手などのエンターテナー系ですね。とにかく目立ちたいという欲求が強かったのだと思います。並外れた行動力も、自己顕示欲からきているのでしょう。ゼロックスのアイデアを自分も盗んだのですから、マイクロソフトに盗まれても仕方ないですね。また、マックもwindowsも優れているのは、excelだと思います。これを開発したmicro softは凄いと思います。ネットは、米軍が開発したものですが、民間企業が開発したexcelは、世の中の仕組みを大きく変えていますね。たしかに、奇人の伝記としては、話が面白いかもしれません。ただ小説ならいいがノンフィクションであり、この本を読んで感激する人は、いかがなのもなのでしょう。ジョブス自身は、里子にだされた以外はとても恵まれた環境で育っています。何でも言う事を聞いてくれる両親、大学進学も可能だったわけで、世の中的に考えれば、本当に恵まれていましたね。両親に捨てられたから、奇行が許されるわけではないし、彼から被害を受けた人も本に出てくる以上にいる気がします。パソコンに関しては、ジョブスがいなければ、普及が遅れただけで、彼がいたから、世の中に浸透したわけではないですね。逆にパソコンの普及が早すぎて、人間の生理的変化より先行しており、世の中、不幸に落ちている人が多い気がします。歴史小説などを含め、伝記として読んで、ジョブスにとくに尊敬する部分がないのが悲しいですね。1巻読みましたが、2巻を読むのは時間がかかるだろうし、やめます。こういう人も世の中にいるのかとうレベルでは、面白い本かもしれません。ただ清潔好きな人は嫌悪感をいだくかもしれませんね。
投資・金融・会社経営,2012年9月20日,1,残念,とても残念です。人の悪口を書くのは簡単ですが僕が読みたかったのはジョブズが何を残し何を未来に作ろうとしてたのか？どうやって世界を変えたのか？それが書かれていない気がします
投資・金融・会社経営,2011年10月25日,4,原著を読めばいいのでは。,内容は確かに面白いと思います。翻訳が２冊になっていて価格が高いという声もありますが、原著を読めばいいのではと思います。原著の英文は難しい単語もなく、凝った英文でもなく読みやすいです。
投資・金融・会社経営,2011年10月31日,3,価格設定に疑問。,中身は別として、価格設定がおかしすぎる。日本での販売価格が異常に高いというのは他の方が言っていたが、'Tと'Uのページ数が１００ページ近く違うのになぜ同じ価格なのか理解が出来ない。
投資・金融・会社経営,2011年10月26日,2,理系じゃないと難しい,最初は面白くスラスラ読んでましたが読み進めるうちに・・・パソコン関係に疎い私には専門用語など難しく読むのが苦しかったです。値段は妥当かと思いますよ。ジョブズ氏本人の依頼で書かれた伝記ですからね。 今後彼にまつわる本が出たとしてもこの本を上回る物はないと思います。ただ中身が完全に見られない売り方だったのですが中身が多少見れたなら買わなかったと思います。
投資・金融・会社経営,2011年11月18日,5,シンプルなスタイルのなかに熟慮のあと。,"1970年後半から1980年前半は、パソコンの創世記であり、マニアックな趣味が高じた混沌から、急角度でグローバルな情報化社会に発展していく史実を描写しています。従来より、「アップル」を物語る書籍は多数出版されていますが、スティーブ・ジョブズにスポットを当て、本人とその関係者への取材を通じて、その人物像を中心に一連の歩みを詳細に描ききったものはかつてありません。それゆえ、情報化社会へ発展していった流れと、それを牽引していった人物像を知る上で、貴重な資料だといえます。何よりも、その人物像たるものは、細部に亘っており、性格から起因する流れで書き綴られています。ひとつには、シンプルの追求と芸術性要素を高めた、執拗な「こだわり」たるもの、それも独裁的なものより成り立っており、それはある種のヒロイズムなのかもしれません。今では共同創意の下、モノづくりが成り立っており、様々なステークホルダーと関係を持ちながら、順序立てた計画により、論理的に進められており、或いは右にならえ的なイエスマンによるもの。反面、スティーブ・ジョブズの主観と徹底的に完全を追及した主導によるモノづくりは、ある意味、アナログ的要素が強かったといえます。往時のマッキントッシュは、一国一城の主のごとく、店舗にはひとつのエリアがあり、そのエリアに入るものにはある種の勇気を必要とし、そのことは、製品の完璧さに、ある種の魅了される憧れを抱いたのかもしれません。
それだけ、独創的にこだわりあるプロダクトだったのです。裏を返せば、取り付けねじ一つ取ってみても、一分の隙のない完璧なる製品自体の完成度が仇となり、他者には入る余地のない環境を植えつけたことがデファクトスタンダードになれなかった理由だと思います。往時のIBM PCは確かに雑な作りであり、どこもかしこもゴツゴツとしていて、ガサガサの隙だらけのスチール製品でしたが、コンパチブルマシンとして多くの企業が参入できた形となった次第です。Mac OSのコマンド入力やマニュアルを必要としない抜群の操作性を有するGUIが、Windows95より、同じようなスタイルで出てきた理由がよくわかります。"
投資・金融・会社経営,2011年10月26日,5,Mac OSX Lionより高いこの値段でジョブズの遺志を顕していると言えるのか?,2011年10月25日全世界同時発売。著者のウォルター・アイザックソン氏は、元米タイムズ誌の編集長で、アインシュタインやキッシンジャーの伝記を著している人物である。2004年の初夏にジョブズが氏に自分の伝記を書いてくれるように依頼してくるところから話は始まる。こういう人の『選択』もジョブズらしいと思う。ここでまず、簡単にジョブズを語るノンフィクションについてまとめてみたい。以下のようになる。『スティーブ・ジョブズ/パーソナル・コンピュータを創った男』(ジェフリー・S. ヤング)→オリジナルは1988年リリース。邦訳は1989年9月25日リリース。1985年9月にアップルを退社し、NeXTを立ち上げるまでを綴った評伝である。表紙にはNeXTのマシンと共に若き日のジョブズの自信に満ちた勇姿を見ることができる。『スティーブ・ジョブズ-偶像復活 』(ジェフリー・S. ヤング、ウイリアム・L・サイモン)→オリジナルは、2005年リリース。邦訳は2005年11月18日リリース。第5章231ページまでは、『スティーブ・ジョブズ/パーソナル・コンピュータを創った男』上下2巻をコンパクトにまとめた感じ。第6章からはPixar創業から2005年まで。2005年というのはアップルの快進撃では、『チューインガム』サイズのiPodシャッフルのリリースまで。(ジョブズ非公認)本作上巻(ウォルター・アイザックソン)→時間的にはほぼ『スティーブ・ジョブズ-偶像復活 』(ジェフリー・S. ヤング、ウイリアム・L・サイモン)と同じ。(ジョブズ公認)つまり、本作はジョブズが自身の言葉で語る言わば『一人称』の世界からのアップルと言えるだろう。多くを書くとネタバレになってしまうので書かないが、『スティーブ・ジョブズ-偶像復活 』(ジェフリー・S. ヤング、ウイリアム・L・サイモン)の記者の眼から見たアップルと大きな差は感じられなかった。むしろ、未だ誰にも書かれていない2006年から今までのアップルを語った『下巻(日本語版は11月1日リリース)』部分にこそ、この著作の価値はあるのだろうと思った。むしろ印象深かったのは『写真』だった。ジョブズ自身の自宅のMacのデスクトップというものを写真で初めて見た。なるほどと思った。そして最後に一言。日本の出版社の電子書籍も含めたこの価格設定というのはいかがなものかと思う。Mac OSX Lionより高いこの値段でジョブズの遺志を顕しているといえるのか?　よーく考えるべきだろう。
投資・金融・会社経営,2012年12月7日,5,イメージが大事,内容の面白さは他のヴューワーが散々書いているのでいいとしても、年末に出たペーパーバックより、こちらのハードカバー版を読むべしということを言っておきましょう。ペーパーバックには写真が掲載されていないのだ。スティーブの成長はこれらの写真イメージを確認しながら、読み進めないと意味がない。大邸宅で家具なしの部屋で一人ぽつねんとマックをいじくってるこの異様なキャラがページの先頭を飾る・・・・・この超有名な写真、見ないってことには話が始まらない。彼女の生物学的父親になったあのリサの「シリアの顎」も確認できるし、禅の導師のイメージ写真も確認できる。で、やっぱ、ハードカバーがおすすめ。あ、そうそう、ＰＣの発展にとってはより重要なもう一人のスティーブ、ウオズニアックの写真は載ってなかったのは、残念といえば残念・・・・・・